,Angle (degrees) Ear_left_1-Ear_right_1-Nose_1,Angle (degrees) Ear_left_1-Ear_right_1-Center_1,Angle (degrees) Ear_left_1-Ear_right_1-Lat_left_1,Angle (degrees) Ear_left_1-Ear_right_1-Lat_right_1,Angle (degrees) Ear_left_1-Ear_right_1-Tail_base_1,Angle (degrees) Ear_left_1-Nose_1-Center_1,Angle (degrees) Ear_left_1-Nose_1-Lat_left_1,Angle (degrees) Ear_left_1-Nose_1-Lat_right_1,Angle (degrees) Ear_left_1-Nose_1-Tail_base_1,Angle (degrees) Ear_left_1-Center_1-Lat_left_1,Angle (degrees) Ear_left_1-Center_1-Lat_right_1,Angle (degrees) Ear_left_1-Center_1-Tail_base_1,Angle (degrees) Ear_left_1-Lat_left_1-Lat_right_1,Angle (degrees) Ear_left_1-Lat_left_1-Tail_base_1,Angle (degrees) Ear_left_1-Lat_right_1-Tail_base_1,Angle (degrees) Ear_right_1-Nose_1-Center_1,Angle (degrees) Ear_right_1-Nose_1-Lat_left_1,Angle (degrees) Ear_right_1-Nose_1-Lat_right_1,Angle (degrees) Ear_right_1-Nose_1-Tail_base_1,Angle (degrees) Ear_right_1-Center_1-Lat_left_1,Angle (degrees) Ear_right_1-Center_1-Lat_right_1,Angle (degrees) Ear_right_1-Center_1-Tail_base_1,Angle (degrees) Ear_right_1-Lat_left_1-Lat_right_1,Angle (degrees) Ear_right_1-Lat_left_1-Tail_base_1,Angle (degrees) Ear_right_1-Lat_right_1-Tail_base_1,Angle (degrees) Nose_1-Center_1-Lat_left_1,Angle (degrees) Nose_1-Center_1-Lat_right_1,Angle (degrees) Nose_1-Center_1-Tail_base_1,Angle (degrees) Nose_1-Lat_left_1-Lat_right_1,Angle (degrees) Nose_1-Lat_left_1-Tail_base_1,Angle (degrees) Nose_1-Lat_right_1-Tail_base_1,Angle (degrees) Center_1-Lat_left_1-Lat_right_1,Angle (degrees) Center_1-Lat_left_1-Tail_base_1,Angle (degrees) Center_1-Lat_right_1-Tail_base_1,Angle (degrees) Lat_left_1-Lat_right_1-Tail_base_1,Angle (degrees) Ear_left_2-Ear_right_2-Nose_2,Angle (degrees) Ear_left_2-Ear_right_2-Center_2,Angle (degrees) Ear_left_2-Ear_right_2-Lat_left_2,Angle (degrees) Ear_left_2-Ear_right_2-Lat_right_2,Angle (degrees) Ear_left_2-Ear_right_2-Tail_base_2,Angle (degrees) Ear_left_2-Nose_2-Center_2,Angle (degrees) Ear_left_2-Nose_2-Lat_left_2,Angle (degrees) Ear_left_2-Nose_2-Lat_right_2,Angle (degrees) Ear_left_2-Nose_2-Tail_base_2,Angle (degrees) Ear_left_2-Center_2-Lat_left_2,Angle (degrees) Ear_left_2-Center_2-Lat_right_2,Angle (degrees) Ear_left_2-Center_2-Tail_base_2,Angle (degrees) Ear_left_2-Lat_left_2-Lat_right_2,Angle (degrees) Ear_left_2-Lat_left_2-Tail_base_2,Angle (degrees) Ear_left_2-Lat_right_2-Tail_base_2,Angle (degrees) Ear_right_2-Nose_2-Center_2,Angle (degrees) Ear_right_2-Nose_2-Lat_left_2,Angle (degrees) Ear_right_2-Nose_2-Lat_right_2,Angle (degrees) Ear_right_2-Nose_2-Tail_base_2,Angle (degrees) Ear_right_2-Center_2-Lat_left_2,Angle (degrees) Ear_right_2-Center_2-Lat_right_2,Angle (degrees) Ear_right_2-Center_2-Tail_base_2,Angle (degrees) Ear_right_2-Lat_left_2-Lat_right_2,Angle (degrees) Ear_right_2-Lat_left_2-Tail_base_2,Angle (degrees) Ear_right_2-Lat_right_2-Tail_base_2,Angle (degrees) Nose_2-Center_2-Lat_left_2,Angle (degrees) Nose_2-Center_2-Lat_right_2,Angle (degrees) Nose_2-Center_2-Tail_base_2,Angle (degrees) Nose_2-Lat_left_2-Lat_right_2,Angle (degrees) Nose_2-Lat_left_2-Tail_base_2,Angle (degrees) Nose_2-Lat_right_2-Tail_base_2,Angle (degrees) Center_2-Lat_left_2-Lat_right_2,Angle (degrees) Center_2-Lat_left_2-Tail_base_2,Angle (degrees) Center_2-Lat_right_2-Tail_base_2,Angle (degrees) Lat_left_2-Lat_right_2-Tail_base_2
0,65.57,145.78,173.03,121.04,100.16,236.12,255.69,207.5,151.92,281.34,89.67,114.45,80.43,99.41,132.56,301,320.57,272.38,216.8,297.59,105.92,130.7,83.96,102.93,156.69,256.79,65.13,89.91,50.85,69.83,119.77,353.62,12.6,206.02,200.74,65.99,118.8,150.77,97,140.38,217.89,238.54,182.39,208.12,252.95,76.43,185.58,58.84,147.1,217.38,284.5,305.16,249.01,274.74,283.73,107.21,216.36,73.37,161.63,253.94,232.04,55.52,164.67,32.99,121.25,215.95,1.61,89.87,304.94,306.81
1,65.71,139.67,172.99,120.31,99.93,239.17,259.17,208.22,152.75,272.89,108.33,116.87,84.64,99.48,133.11,302.85,322.85,271.9,216.43,293.47,128.91,137.45,88.35,103.18,157.24,244.58,80.02,88.56,52.77,67.61,119.95,8.2,23.03,188.98,196.22,64.95,123.88,158.96,98.39,148.3,215.17,240.32,177.71,210.92,263.68,73.47,191.79,61.3,151.36,224.54,286.03,311.18,248.57,281.78,292.24,102.03,220.34,72.27,162.33,260.98,245.13,54.93,173.24,35.09,125.15,225.86,355.11,85.17,313.47,308.15
2,65.03,139.72,172.74,119.43,99.44,239.72,260.78,208.27,153.48,278.01,106.56,116.64,85.94,99.23,133.64,302.87,323.93,271.42,216.63,298.23,126.77,136.85,89.81,103.09,157.67,250.05,78.59,88.67,53.59,66.87,120.65,4.6,17.88,190.6,194.54,72.53,130.6,166.54,109.39,151.23,221.39,251.3,189.31,216.52,278.01,85.26,193.23,71.98,149.15,225.13,281.2,311.11,249.12,276.33,300.03,107.28,215.25,78.49,155.66,252.42,256.9,64.15,172.12,41.39,118.55,220.16,354.4,71.57,303.93,296.77
3,62.06,135.24,168.85,120.23,97.47,239.67,260.92,213.4,154.05,277.41,114.4,116.93,88.83,99.09,130.54,303.39,324.64,277.12,217.77,299.99,136.98,139.51,94.85,105.11,154.63,249.78,86.77,89.3,57,67.26,115.69,8.47,18.73,182.64,191.17,60.39,124.45,157.56,101.28,140.05,226.46,248.39,193.96,218.23,256.55,83.83,185.42,59.99,139.23,223.62,285.08,307.01,252.58,276.85,278.25,105.53,207.12,68.45,147.69,249.12,237.22,64.5,166.09,38.6,117.85,217.43,3.32,82.56,300.42,304.39
4,61.24,135.79,167.98,119.88,97.5,239.16,260.19,213.05,154.34,278.98,111.75,116.75,88.9,99.5,130.8,303.51,324.54,277.4,218.69,301.12,133.89,138.89,95.39,105.99,155.03,252.16,84.92,89.93,57.59,68.18,116.26,6.45,17.05,185.23,191.54,82.85,147.92,179.63,124.19,162.81,253.19,275.32,222.39,246.4,270.42,90.66,198.49,66.94,148.14,236.4,283.62,305.75,252.82,276.83,278.64,98.88,206.71,67.03,148.23,248.44,240.09,60.33,168.16,38.07,119.26,216.95,0.11,81.3,305.83,305.96
5,62.64,141.79,170.53,121.96,99.83,238.26,259,211.58,154.19,286.22,102.92,115.97,89.44,100.56,131.58,303.69,324.44,277.01,219.62,305.07,121.76,134.82,94.57,105.69,155.27,260.52,77.21,90.27,58.02,69.15,117.57,358.25,9.37,193.68,192.13,95.92,159.93,194.51,137.21,174.65,258.51,284.97,229.55,251.96,283.63,92.66,202.07,71.98,148.32,237.82,281.87,308.33,252.91,275.32,288.04,97.07,206.48,68.76,145.1,245.96,250.19,59.22,168.63,39.03,115.36,214.35,355.29,71.63,306.17,299.9
6,64.02,140.18,172.91,124.47,101.83,236.75,257.27,210.12,153.26,276.19,115.74,118.16,90.4,101.4,131.57,303.71,324.24,277.09,220.23,296.91,136.46,138.88,94.27,105.27,154.7,249.36,88.9,91.32,58.93,69.93,118.07,10.09,21.09,182.53,191.99,65.15,129.04,165.6,106.84,142.76,254.21,282.43,225.96,246.59,279.6,86.63,193.86,65.18,137.67,230.77,281.68,309.9,253.43,274.06,290.35,97.38,204.61,68.45,140.95,243.5,252.56,59.59,166.82,39,111.5,211.77,354.66,67.16,303.93,296.29
7,64.15,142.88,173.44,125.22,102.06,233.54,255.49,208.46,151.89,284.43,107.57,117.31,90.58,101.35,131.12,301.92,323.86,276.83,220.26,303.16,126.3,136.03,94.18,104.95,154.13,259.97,83.11,92.84,59.6,70.38,118.37,1.58,12.35,190.17,191.73,41.4,107.34,141.66,84.34,119.37,227.77,253.39,199.01,219.15,262.77,73.95,178.87,55.02,127.7,218.05,283.16,308.78,254.4,274.54,285.85,97.03,201.95,67.72,140.39,243.12,248.62,59.8,164.72,39.2,111.87,211.66,356.2,68.87,303.1,298.08
8,64.31,144.58,173.06,124.74,101.62,233.37,256.12,208.54,152.46,291.86,99.28,116.61,90.29,101.17,131.57,300.51,323.25,275.68,219.59,308.83,116.24,133.58,94.03,104.9,154.19,268.59,76,93.34,59.52,70.4,118.94,353.68,4.55,198.11,191.84,48.93,98.54,135.13,75.62,109.26,206.94,239.88,168.38,193.16,267.56,72.79,168.95,56.12,119.77,211.64,271.3,304.24,232.73,257.52,298.04,103.28,199.43,74.89,138.55,242.86,256.35,61.59,157.74,36.85,100.5,216.82,353.44,57.09,296.67,288.46
9,65.52,145.26,173.23,124.66,157.38,235.38,258.26,209.84,223.82,293.6,98.06,183.84,90.28,153.62,216.83,299.7,322.58,274.16,288.14,309.7,114.17,199.94,93.83,157.17,238.7,269.74,74.2,159.98,58.96,122.3,203.67,352.1,55.44,283.93,276.29,49.31,103.56,141.86,81.43,114.13,211.36,246.26,173.89,195.9,277.27,79.79,167.8,63.81,120.76,211.72,278.41,313.31,240.94,262.95,308.29,110.82,198.83,82.07,139.02,243.19,264.13,66.66,154.67,41.31,98.27,214.38,352.08,49.03,290.24,280.69
10,68.1,146.82,174.92,126.23,159.44,237.19,259.9,210.98,225.38,293.12,100.04,185.15,91.02,155.08,218.08,299.38,322.09,273.17,287.57,308.5,115.42,200.53,93.67,157.73,239.18,267.83,74.75,159.86,58.4,122.45,204.13,353.28,57.33,283.17,276.81,45.76,97.93,135.29,76.58,109.81,208.82,243.37,170.69,193.39,274.85,78.93,167.01,62.37,120.14,211.19,278.44,312.99,240.31,263.01,309.06,113.14,201.21,84.43,142.2,244.71,262.78,66.86,154.93,40.97,98.74,215.22,352.73,50.51,290.23,281.57
11,70.15,148.01,175.7,127.84,160.74,237.84,260.41,212,226.14,293.25,100.79,186.04,91.69,156.13,218.28,298.55,321.12,272.71,286.85,307.98,115.51,200.77,93.91,158.34,238.69,267.28,74.81,160.07,58.34,122.78,203.66,353.63,58.07,283.01,276.91,54.52,104.98,140.22,82.98,117.68,232.19,264.45,194.36,219.64,279.75,85.04,181.21,65.97,129.97,224.76,274.5,306.76,236.67,261.95,301.89,107.18,203.35,79.96,143.96,246.53,257.86,63.15,159.32,38.91,102.91,218.33,353.3,57.3,297.35,289.33
12,66.99,146.98,174.48,126.64,159.78,237.95,260.22,213.34,226.64,294.28,97.97,185.64,91.03,155.86,217.41,300.7,322.96,276.08,289.38,309.67,113.36,201.04,93.94,158.77,238.83,268.96,72.66,160.33,58.47,123.3,202.4,351.77,56.6,285.13,277.05,74.66,140.8,195.14,114.78,165.75,257.28,289.71,218.28,246.61,297.43,96.89,201.72,79.85,148.42,242.44,303.46,335.88,264.45,292.78,315.35,114.81,219.64,71.62,140.19,265.67,258.03,57.5,162.32,36.21,104.78,221.35,350.61,59.18,304.84,293.7
13,64.24,146.2,174.31,123.7,159.66,240.72,261.68,214.74,228.97,290.84,94.65,185.61,87.36,155.8,219.16,304.13,325.1,278.15,292.39,306.98,110.79,201.75,90.38,158.82,242.2,264.8,68.62,159.57,55.35,123.79,203.5,351.51,59.95,288.91,281.21,66.58,136.77,207.3,119.17,179.84,246.23,285.98,213.95,252.42,296.93,113.78,221.72,82.31,158.75,253.7,303.59,343.33,271.3,309.78,318.3,135.15,243.09,66.53,142.97,276.65,264.9,81.75,189.69,43.91,120.35,237.93,358.76,75.2,303.9,301.99
14,65.56,147.35,177.22,120.51,163.65,244.11,265.29,214.72,234.11,290.16,88.2,190.5,82.55,158.84,226.77,305.36,326.53,275.97,295.35,305.83,103.88,206.18,84.03,160.32,251.25,262.26,60.31,162.6,49.15,125.44,210.24,348.06,64.35,300.54,290.52,87.07,149.06,220.49,119.6,195.59,262.49,297.93,218.93,265.23,300.27,94.07,232.4,75.98,167.77,264.17,305.48,340.92,261.92,308.22,315.58,109.38,247.71,53.32,145.11,288.12,252.09,45.88,184.21,25.81,117.6,238.72,349.17,80.96,329.28,313.91
15,68.73,145.44,179.36,119.01,168.56,243.82,266.95,211.19,237.13,289.1,91.89,198.97,82.9,164.1,234.78,304.14,327.27,271.52,297.45,306.34,109.13,216.21,83.26,164.45,260.2,258.91,61.7,168.78,46.62,127.81,218.96,350.83,72.03,304.63,296.59,104.21,153.51,224.27,126.63,204.33,272.94,303.47,222.64,270.59,301.42,101.35,240.41,80.3,175.85,269.84,306.31,336.85,256.02,303.97,314.57,114.5,253.56,55.65,151.2,290.98,237.56,37.5,176.55,18.86,114.41,237.39,351.83,87.38,329.59,317.69
16,73.62,141.83,190.76,115.06,172.13,244.58,272.34,204.08,239.56,283,95.15,206.35,76.23,158.53,243.92,302.55,330.31,262.05,297.54,302.96,115.12,226.32,70.25,152.55,271.08,248.62,60.77,171.97,37.08,119.37,230.47,356.22,78.51,309.2,305.14,111.38,153.33,214.05,127.61,200.78,279.55,304.08,227.05,270.03,299.62,101.68,238.88,82.06,178.4,268.58,307.3,331.83,254.81,297.78,312.18,114.23,251.44,63.88,160.23,288.38,226.82,28.88,166.08,14.71,111.05,229.81,352.42,88.77,328.44,318.07
17,65.34,137.64,188.55,105.3,168.5,254.98,277.83,211.86,247.85,274.71,87.22,204.56,66.87,153.58,247.62,311.13,333.97,268.01,304,297.01,109.52,226.86,62.32,149.03,278.02,238.18,50.69,168.03,31.55,118.27,229.97,356.22,82.93,316.16,312.45,114.69,152.71,214.81,133,200.52,281.45,303.24,223.01,267.27,297.58,117.19,237.5,88.04,177.87,267.56,309.19,330.98,250.75,295.01,311.11,130.73,251.04,68.86,158.68,285.62,219.95,39.57,159.88,18,107.83,233.19,359.84,89.67,315.18,314.96
18,61.95,126.98,172.38,97.71,157.07,245.74,274.59,206.61,238.53,288.69,78.98,200.38,70.82,154.41,238.31,303.82,332.68,264.7,296.61,315.34,105.62,227.02,75.31,158.9,272.1,256.54,46.83,168.23,33.07,116.66,223.16,345.38,68.97,317.21,302.11,118.82,155.72,215.8,133.96,201.33,290.85,303.4,227.34,265.85,291.68,117.5,232.36,87.19,178.36,264.74,317.41,329.96,253.89,292.41,304.64,130.46,245.32,67.2,158.37,283.47,204.14,29.95,144.81,14.22,105.39,224.72,2.64,93.81,311.25,314.43
19,68.87,136.73,175.84,102.03,162.31,245.44,266.56,201.05,236.16,271.41,75.94,198.01,63.57,156.74,238.73,302.72,323.83,258.33,293.44,293.18,97.71,219.78,65.72,158.89,271.25,238.33,42.86,164.93,28.85,122.02,226.09,351.64,84.81,318.84,311.73,125.41,160.28,219.72,143.55,205.4,294.45,304.38,223.5,266.32,292.1,133.38,233.87,96.22,180.85,267.68,318.92,328.84,247.96,290.78,302.94,144.21,244.71,73.67,158.3,282.31,198.9,40.17,140.67,19.14,103.76,232.49,10.17,94.79,301.37,312.47
20,68.46,142.07,181.95,103.54,160.7,248.34,273.31,206.02,236.8,287.04,71.2,192.16,66.76,149.89,236.67,304.35,329.33,262.04,292.81,305.43,89.6,210.55,65.71,148.85,268.25,254.68,38.85,159.81,29.88,113.01,221.29,340.17,63.3,320.13,304.13,126.78,156.8,220.07,144.29,205.04,299.73,303.94,221.88,264.94,288.84,140.78,233.79,98.17,180.94,267.11,324.74,328.95,246.89,289.95,302.43,154.36,247.37,74.44,157.21,282.19,187.72,39.65,132.66,18.78,101.55,232.8,15.27,98.04,295.31,311.97
21,71.61,135.5,185.23,115.92,164.35,240.8,271.74,210.99,235.64,283.38,97.11,203.35,75.46,152.14,232.72,296.87,327.81,267.06,291.71,304.89,118.61,224.86,72.72,149.4,258.76,251.91,65.63,171.87,38.53,115.21,216.01,357.56,74.24,300.57,296.74,132.22,160.27,225.66,148.04,209.46,308.53,307.62,233.8,266.54,289.44,143.23,234.24,100.52,184.31,265.3,331.44,330.53,256.7,289.44,301.65,155.44,246.45,72.3,156.09,279.76,178.27,32.05,123.06,15.22,99.01,218.88,16.04,99.83,292.1,309.84
22,76.94,148.73,111.06,123.68,169.96,254.28,164.11,220.07,240.18,124.25,99.6,196.12,355.58,347.57,231.9,306.37,216.2,272.15,292.26,140.11,115.45,211.97,358.83,350.82,255.16,85.53,60.88,157.4,356.75,348.75,209.75,1.05,353.04,294.65,88.95,151.31,187.38,240.88,170.59,227.91,311.69,315.2,254.49,274.75,301.73,148.53,241.41,115.14,198.88,269.69,325.67,329.18,268.47,288.73,297.2,144,236.88,76.96,160.71,274.12,187.6,34.41,127.29,17.35,101.09,204.93,13.26,97,293.32,306.87
23,83.06,157.64,117.19,126.26,175.92,252.74,167.1,223.5,243.72,126.3,76.73,200.57,356.12,348.12,234.94,301.84,216.2,272.6,292.81,136.76,87.2,211.04,359.21,351.21,258.13,89.51,39.94,163.78,357.14,349.13,208.73,1.99,353.99,319.55,87.99,169.9,211.08,257.65,188.87,244.56,325.41,320.6,268.37,282.03,298.06,158.6,246.02,121.04,207.14,275.53,330.44,325.64,273.4,287.07,277.59,138.13,225.55,73.22,159.32,271.19,168.33,28.87,116.29,15.34,101.44,196.77,22.21,108.31,290.86,309.19
24,88.74,161.4,122.86,126.7,180.97,259.02,168.43,219.96,245.56,129.5,87.03,201.42,356.61,348.71,241.16,306.79,216.2,267.73,293.32,139.2,96.72,211.12,359.67,351.77,265,85.07,42.6,156.99,357.59,349.7,215.24,1.93,354.04,313.58,89.17,75.04,156.49,197.72,127.31,205.96,254.28,284.41,222.66,274.99,307.12,89.49,249.07,87.05,201.84,274.99,303.96,334.09,272.33,324.67,317.21,99.59,259.16,77.74,192.53,294.22,274.7,57.08,216.66,46.33,161.12,254.16,341.75,96.55,345.45,326.08
25,92.83,161.04,126.95,125.46,184.1,275.2,168.05,210.68,245.69,132.18,109.19,198.17,356.96,349.24,248.11,323.35,216.2,258.83,293.83,144.66,121.67,210.66,0.14,352.41,273.33,69.52,46.53,135.51,358.06,350.34,227.13,1.39,353.67,296.08,91.7,75.73,170.19,214.18,135.75,220.74,248.39,278.8,215.62,273.1,311.42,87.01,255.44,89.91,210.01,279.07,309.67,340.09,276.9,334.38,316.24,91.82,260.26,69.93,190.03,298.27,281.02,56.61,225.05,48.3,168.4,261.4,337.69,97.79,352.02,329.91
26,83.31,155.78,287.64,123.17,185.44,248.15,303.09,165.56,221.64,304.22,118.5,196,69.32,114.76,254.22,321.4,16.34,238.81,294.88,323.24,137.52,215.02,8.79,54.23,281.24,254.32,68.6,146.09,16.77,62.21,262.29,357.4,42.84,291.11,287.99,77.19,184.92,224.29,151.68,233.13,251.33,278.29,221.8,277.75,314.31,94.76,261.5,97.38,219.65,284,315.71,342.68,286.19,342.13,311.88,92.33,259.07,72.12,194.39,296.5,283.9,64.34,231.09,56.55,178.82,264.81,339.61,101.88,350.93,331.77
27,78.78,137.1,294.74,120.58,185.76,253.8,304.58,155.15,216.23,302.51,123.03,194.81,64.75,107.15,258.47,335.76,26.54,237.11,298.2,340.54,161.06,232.84,3.14,45.54,287.25,243.09,63.61,135.4,12.56,54.96,271.93,0.24,42.64,289.68,289.95,81.58,189.68,228.69,154.39,235.36,250.9,277.1,219.53,274.92,315.29,96.61,260.22,100.02,220.5,283.39,316.47,342.68,285.1,340.49,310.09,91.41,255.02,70.39,190.87,295.71,281.72,63.04,226.65,54.82,175.3,263.42,339.3,99.78,349.01,331.03
28,79.9,41.78,301.12,117.42,185.87,300.46,309.52,149.01,215.97,299.3,130.82,194.92,59.69,99.23,263.59,22.56,31.61,231.1,298.07,71.7,263.22,327.33,358.1,37.64,294.3,191.01,22.54,86.64,7.71,47.24,280.72,5.74,45.28,286.72,292.5,86.2,194.91,233.31,158.66,238.87,254.86,277.73,221.4,274.7,307.88,106.69,256.82,102.53,223.08,282.55,319.81,342.68,286.35,339.65,298.92,97.73,247.86,68.51,189.07,293.69,267.82,66.63,216.76,52.94,173.49,259.8,347.99,108.54,339.71,330.53
29,83.8,21.01,309.94,119.09,188.59,327.32,316.83,148.37,218.39,302.82,137.14,196.53,59.24,96.51,268.85,46.63,36.14,227.68,297.7,95.88,290.2,349.59,354.54,31.81,298.99,166.47,0.78,60.18,4.54,41.81,286.6,7.58,44.85,286.87,293.61,87.8,197.34,234.9,163.22,240.29,257.87,277.01,226.17,273.93,296.64,116.19,253.9,103.59,225.03,279.24,323.53,342.68,291.84,339.59,285.22,104.77,242.48,67.41,188.85,288.75,251.23,70.78,208.49,51.83,173.28,252.33,359.74,121.19,329.85,329.66
30,98.06,35.28,324.2,155.32,206.89,349.57,339.08,207.31,241.19,329.21,187.93,225.99,37.62,72.45,242.83,46.63,36.14,264.38,298.25,95.88,314.6,352.66,4.35,39.18,254.6,166.47,25.19,63.25,14.35,49.18,227.49,17.39,52.22,240.05,261.38,87.89,198.99,234.99,160.45,240.63,259.66,275.73,225.72,272.97,287.69,114.17,252.01,99.24,226.43,277.78,326.6,342.68,292.66,339.91,274.45,100.93,238.77,62.22,189.42,289.56,238.95,65.43,203.27,46.65,173.84,249.45,3.77,130.97,330.08,332.79
31,101.9,39.11,153.71,158.99,211.01,352.49,178.97,208.14,244.29,174.02,192.02,231.2,358.26,350.6,246.98,46.63,233.11,262.28,298.43,295.73,313.72,352.9,359.63,351.97,256.67,6.31,24.3,63.48,358.33,350.67,231.48,358.5,350.84,242.83,82.32,88.95,202.79,236.05,160.55,241.93,261.99,275.79,226.2,273.33,283.8,114.12,251.4,98.74,228.23,278.31,328.87,342.68,293.08,340.22,267.48,97.79,235.08,60.49,189.98,290.35,232.45,62.76,200.05,44.92,174.4,248.88,6.27,135.76,330.32,334.36
32,99.11,36.32,150.92,153.3,208.41,349.19,175.67,201.09,241.07,169.01,184.39,226.34,358.24,350.27,247.82,46.63,233.11,258.53,298.51,295.73,311.11,353.06,359.83,351.86,260.38,6.31,21.7,63.64,358.53,350.56,236.04,358.7,350.73,246.25,82.93,90.52,207,237.63,154.71,243.4,264.74,276.62,225.93,274.13,280.75,103.96,250.75,92.14,229.56,277.66,330.8,342.68,291.99,340.19,261.04,84.25,231.04,52.45,189.87,294.1,226.71,49.92,196.71,36.87,174.29,246.29,2.04,139.46,337.56,338.73
33,93.6,30.81,145.41,151.16,202.91,343.22,169.7,201.75,235.13,160.17,179.47,217.52,357.63,349.88,239.03,46.63,233.11,265.16,298.54,295.73,315.02,353.07,359.63,351.88,253.92,6.31,25.6,63.66,358.33,350.58,226.32,358.5,350.75,239.24,80.03,91.62,208.09,238.72,158.05,244.17,265.33,277.21,229.72,274.48,281.64,104.9,251.22,93.12,230.01,276.52,330.8,342.68,295.19,339.95,261.04,84.3,230.61,52.42,189.31,291.05,226.71,49.97,196.29,36.85,173.74,242.29,2.01,138.91,336.72,337.96
34,61.71,108.84,139.99,85.29,138.51,233.33,261.88,186.01,220.38,284.4,76.78,191.06,71.4,152.35,228.8,296.34,324.89,249.02,283.38,322.49,114.87,229.16,96.96,177.92,270.29,253.28,45.67,159.95,30.36,111.31,224.85,345.63,66.58,311.87,298.63,91.47,207.94,238.57,157.34,243.73,264.97,276.85,228.46,273.89,281.6,104.98,250.76,93.26,229.55,276.5,330.8,342.68,294.3,339.72,261.04,84.42,230.2,52.51,188.8,291.51,226.71,50.09,195.87,36.94,173.23,243.07,2.11,138.39,336.48,337.75
35,53.25,91.22,143.12,80.16,127.41,243.85,250.51,177,205.99,232.8,100.45,170.83,61.38,135.28,217.46,315.38,322.04,248.53,277.52,290.39,158.04,228.42,83.53,157.43,260.84,192.98,60.64,131.01,31.35,105.25,219.23,25.03,98.93,271.74,294.36,90.2,221.42,237.3,156.16,242.4,273.05,275.65,229.96,272.65,252.37,110.02,240.45,90.43,228.61,273.9,340.08,342.68,296.99,339.68,220.07,77.72,208.15,50.53,188.71,290.05,191.22,48.87,179.3,34.96,173.14,239.02,26.33,164.51,327.06,338.37
36,57.58,119.36,151.23,87.15,124.67,248.49,246.92,179.33,201.88,211.8,88.74,151.8,56.19,124.56,211.67,312.48,310.91,243.32,265.87,247.09,124.04,187.1,69.35,137.71,245.78,176.39,53.34,116.39,32.08,100.44,212.02,34.12,102.49,269.53,292.35,33.34,228.27,283.81,147.27,240.46,241.21,273.33,204.84,254.7,308.14,96.56,234.27,92.31,184.64,268.61,5.91,38.03,329.54,19.4,270.4,58.82,196.53,18.59,110.92,292.22,279.42,67.83,205.55,51.02,143.36,256.61,343.73,76.06,332.41,317.09
37,72.96,121.46,147,91.04,117.55,185.64,211.7,142.45,166.28,259.27,56.03,149.61,50.8,115.32,195.96,254.05,280.11,210.85,234.68,282.18,78.93,172.51,63.89,128.41,228.37,256.63,53.38,146.96,37.82,102.34,215.59,347.25,51.77,299.02,288.52,30.57,233.64,281.94,144.92,238.4,238.87,270.79,199.79,249.6,302.72,90.99,228.29,86.08,178.61,263.82,9.73,41.65,330.66,20.46,260.93,49.2,186.5,16.16,108.69,290.05,274.27,62.55,199.84,45.87,138.4,253.74,343.53,76.06,332.12,316.86
38,83.06,114.58,136.49,80.95,106.7,165.99,197.62,114.15,146.79,279.6,44.45,140.65,50.1,113.59,190.91,228.27,259.9,176.43,209.07,303.23,68.07,164.27,67.91,131.39,225.76,286.48,51.32,147.52,41.44,104.92,227.21,326.59,30.08,304.06,282.31,32.58,238.31,279.99,167.82,237.83,243.26,272.58,209.46,250.75,297.8,109.8,224.17,93.36,175.49,262.25,11.28,40.6,337.48,18.77,252.97,64.97,179.34,27.19,109.32,270.79,267.42,79.42,193.79,54,136.13,248.56,355.9,78.03,315.34,311.44
39,91.57,112.75,130.99,75.56,101.92,156.78,186.04,99.87,137.58,287.37,44.22,136.37,50.39,114.1,195.09,211.79,241.05,154.88,192.59,309.14,66,158.14,68.92,132.63,227.02,298.52,55.38,147.52,47.28,111,236.13,318.02,21.74,303.83,282.67,33.3,242.29,281.04,167.75,239.46,244.83,273.63,205.64,250.9,299.48,108.84,222.83,94.1,177.2,265.01,14.08,42.88,334.89,20.15,252.68,62.04,176.03,28.02,111.11,273.35,267.59,76.95,190.94,52.88,135.98,252.92,354.09,77.19,316.77,312.04
40,117.64,127.16,143.39,88.81,38.65,157.83,182.58,100.91,63.02,286.8,44.84,70.23,50.47,58.4,99.53,193.82,218.57,136.91,99.01,301.64,59.69,85.08,62,69.92,125.26,297.33,55.38,80.77,49.17,57.1,139.52,316.59,324.51,207.23,188.68,29.34,242.35,280.96,173.66,239.8,240.22,270.6,200.8,246.46,302.96,107.63,221.95,96.22,178.49,262.8,18.28,48.65,338.86,24.52,257.33,62,176.33,30.25,112.52,267.12,272.06,76.73,191.06,53.22,135.49,252.58,351.54,73.8,316.43,309.56
41,115.51,122.11,139.13,86,33.21,155.61,183.69,98.69,60.8,289.73,43.38,68.77,50.8,55.98,96.76,190.14,218.22,133.23,95.33,305.27,58.92,84.31,63.44,68.62,122.25,301.73,55.38,80.77,48.84,54.02,139.52,315.19,320.37,207.23,185.69,24,240.26,279.31,176.52,238.3,235.04,266.49,196.82,241.71,304.91,104.26,220.2,96.23,177.81,259.5,21.51,52.96,343.29,28.18,261.81,61.16,177.1,31.58,113.16,261.88,276.55,75.91,191.85,53.92,135.5,251.11,348.82,70.4,316.99,307.52
42,123.02,125.19,141.92,89.27,33.99,150.7,178.54,93.79,55.89,289.65,39.99,65.38,49.14,53.52,90.66,183.35,211.19,126.44,88.54,306.22,56.56,81.95,62.27,66.64,119.71,305.04,55.38,80.77,49.97,54.35,139.52,312.77,317.15,207.23,184.8,20.5,239.47,277.41,173.4,236.15,232.33,262.89,193.63,238.75,302.78,102.03,217.31,93.72,175.58,258.31,22.6,53.16,343.9,29.02,260.55,59.79,175.08,31.1,112.96,262.8,276.92,76.17,191.45,54.86,136.72,251.8,348.49,70.35,316.93,307.69
43,122.81,124.98,142.12,89.06,113.03,147.73,174.19,90.82,132.33,267.09,37.47,135.66,41.78,112.46,187.25,183.35,209.81,126.44,167.95,286.18,56.56,154.75,55.51,126.19,221.25,285,55.38,153.57,45.02,115.7,241.06,326.47,37.16,308.77,292.67,19.81,239.72,277.66,172.43,235.57,231.97,261.27,195.01,238.59,303.43,102.16,216.75,94.55,175.75,258.11,21.66,50.95,344.7,28.28,260.55,59.28,173.87,30.72,111.92,263.31,278.8,77.53,192.12,57.62,138.81,251.24,348.11,69.3,316.74,307.37
44,126.03,128.21,143.75,92.28,116.26,148.84,178.19,91.93,133.44,307.08,37.61,135.8,55.62,120.55,186.41,183.35,212.71,126.44,167.95,326.03,56.56,154.75,71.83,136.76,221.25,324.85,55.38,153.57,56.84,121.76,241.06,301.34,6.27,308.77,277.95,18.34,240.29,278.23,174.56,234.61,230.3,258.03,197,236.98,305.06,105.77,216.12,98.76,176.92,256.81,20.89,48.62,347.59,27.57,260.55,61.26,171.61,31.86,110.02,260.63,281.61,82.32,192.67,63.12,141.28,249.25,349.25,67.41,313.64,305.1
45,132.98,135.16,157.24,99.23,43.95,150.2,192.99,93.29,55.39,305.46,36.72,62.11,59.1,50.21,80.29,183.35,226.14,126.44,88.54,325.3,56.56,81.95,71.43,62.55,119.71,324.12,55.38,80.77,49.54,40.66,139.52,308.21,299.33,207.23,170.27,24.82,246.77,284.71,177.94,238.83,238.81,266.54,204.14,243.75,310.95,108.35,218.7,103.8,181.26,259.17,20.89,48.62,346.22,25.83,260.55,57.95,168.3,29.9,107.36,260.66,281.61,79.01,189.35,61.16,138.62,247.55,347.29,64.75,313.88,303.99
46,131.57,133.74,156.3,97.81,42.54,147.65,213.55,90.74,52.84,320.12,34.3,59.69,71.56,47.53,75.9,183.35,249.25,126.44,88.54,342.38,56.56,81.95,87.37,63.34,119.71,341.2,55.38,80.77,42.86,18.83,139.52,307.56,283.53,207.23,153.85,87.69,152.13,174.42,125.04,179.09,244.81,272.54,216.11,247.69,315.96,74.48,219.83,90.99,184.13,247.39,290.93,318.66,262.24,293.81,328.1,86.62,231.97,94.03,187.16,269.87,281.61,40.12,185.48,42.09,135.23,224.97,328.22,61.35,336.16,306.46
47,128.38,130.55,154.59,94.62,39.35,143.27,252.49,86.36,48.46,322.95,30.19,55.58,77.47,42.94,69.09,183.35,292.57,126.44,88.54,349.31,56.56,81.95,97.29,62.76,119.71,348.13,55.38,80.77,10.93,336.4,139.52,312.02,277.49,207.23,142.45,99.06,163.5,185.79,132.03,187.99,250.94,278.67,218.1,251.8,320.98,74.19,221.04,91.95,186.51,251.57,290.93,318.66,258.1,291.79,328.1,81.32,228.17,88.83,183.39,271.25,281.61,34.82,181.67,36.9,131.46,226.12,323.02,57.58,338.46,308.66
48,128.38,130.56,124.93,94.63,39.35,142.15,319.95,85.24,47.34,332.56,28.58,53.97,94.38,41.85,66.01,183.35,1.15,126.44,88.54,0.54,56.56,81.95,146.35,93.82,119.71,359.36,55.38,80.77,321.74,269.21,139.52,320.17,267.65,207.23,123.07,113.35,177.78,200.08,143.17,200.96,258.68,286.41,224.72,258.52,327.17,74.66,225.24,94.83,192,256.56,290.93,318.66,256.97,290.77,328.1,75.6,226.18,84.19,181.36,271.75,281.61,29.1,179.68,32.26,129.43,224.61,318.38,55.55,341.55,310.66
49,129.77,131.95,97.55,96.02,131,142.82,324.05,85.91,141.08,333.69,28.67,149.26,97.88,133.98,191.45,183.35,4.58,126.44,181.61,1.58,56.56,177.15,178.38,214.47,245.54,0.4,55.38,175.97,321.57,357.66,265.35,322.4,358.49,333.06,245.64,119.15,183.58,205.88,147.38,206.5,260.17,287.9,228.07,259.86,329.69,72.24,227.47,95.01,195.18,257.03,290.93,318.66,258.83,290.62,328.1,70.66,225.89,80.79,180.96,271.52,281.61,24.16,179.39,28.85,129.03,220.92,314.98,55.15,344.66,312.23
50,130.57,132.74,72.83,96.82,133.69,143.27,325.54,86.36,144.05,334.2,28.81,155.37,99.47,136.58,195.97,183.35,5.62,126.44,184.13,1.95,56.56,183.12,205.11,242.22,250.11,0.77,55.38,181.94,321.75,358.86,269.91,323.25,0.36,337.62,248.98,129.06,193.5,215.79,157.32,216.61,264.24,291.98,234.28,264.16,334.3,74.9,232.53,100.17,201.59,260.37,290.93,318.66,260.97,290.85,328.1,68.71,226.34,79.83,181.26,270.98,281.61,22.21,179.84,27.9,129.33,218.28,314.03,55.45,346.1,312.68
51,129.54,131.72,49.46,95.79,133.74,142.4,326.35,85.49,144.65,334.17,28.18,158.69,99.52,137,197.8,183.35,7.31,126.44,185.61,2.56,56.56,187.08,228.63,266.11,252.7,1.38,55.38,185.9,321.25,358.72,272.51,323.82,1.3,340.22,250.4,129.69,194.12,216.42,158.25,217.32,263.56,291.29,234.88,263.6,334.86,74.74,233.33,101.07,202.79,259.87,290.93,318.66,262.26,290.97,328.1,67.99,226.58,79.67,181.4,270.52,281.61,21.49,180.08,27.74,129.46,216.82,313.87,55.59,346.66,312.68
52,127.82,130,43.32,94.07,132.01,141.42,326.17,84.5,143.65,334.14,27.85,158.31,98.33,135.56,197.79,183.35,8.11,126.44,185.59,2.85,56.56,187.02,233.5,270.73,252.63,1.67,55.38,185.84,320.88,358.11,272.44,323.97,1.2,340.15,249.89,134.21,198.64,220.94,162.01,221.44,265.22,292.96,239.02,264.99,337.34,74.01,235.26,102.28,205.56,260.54,290.93,318.66,264.73,290.7,328.1,64.78,226.03,77.5,180.78,269.81,281.61,18.28,179.53,25.57,128.85,212.89,311.7,54.97,348.41,313.38
53,127.71,129.88,44.64,93.96,131.33,141.29,325.82,84.37,142.75,333.94,27.73,156.07,98.07,134.78,196.21,183.35,7.89,126.44,184.82,2.77,56.56,184.9,231.93,268.65,251.23,1.59,55.38,183.72,320.97,357.69,271.04,323.92,0.63,338.75,248.62,139.29,203.72,226.02,166.25,225.31,267.79,295.52,251.87,266.61,340.03,68.26,236.07,100.44,207.15,258.8,290.93,318.66,275.02,289.76,328.1,56.33,224.14,72.19,178.89,266.34,281.61,9.83,177.64,20.25,126.95,198.29,306.38,53.08,352.54,314.39
54,128.13,130.31,45.75,94.38,131.37,141.39,324.94,84.48,142.33,333.46,27.6,154.57,97.93,134.36,194.9,183.35,6.9,126.44,184.29,2.42,56.56,183.53,230.88,267.31,250.32,1.24,55.38,182.35,321.6,358.03,270.13,323.9,0.33,337.84,248.07,138.97,203.4,225.7,166.72,222.72,267.95,295.68,252.07,264.94,339.68,68.39,231.91,100.71,203.03,256.34,290.93,318.66,275.06,287.92,328.1,56.82,220.34,73.02,175.35,263.49,281.61,10.32,173.84,21.09,123.41,196.19,307.22,49.54,349.99,311.49
55,128.85,131.03,40.23,95.1,132.39,141.73,325.91,84.82,143.09,333.72,27.63,155.71,99.04,135.51,195.6,183.35,7.53,126.44,184.71,2.65,56.56,184.65,237.56,274.04,251.26,1.47,55.38,183.47,321.4,357.88,271.07,324.11,0.58,338.78,248.58,135.19,199.62,221.92,149.17,215.89,265.97,293.7,273.85,260.31,337.74,54.16,224.31,81.84,195.78,251.83,290.93,318.66,298.82,285.27,328.1,44.53,214.67,56.63,170.57,269.71,281.61,358.03,168.17,4.7,118.64,164.88,290.82,44.76,354.74,320.34
56,130.03,132.21,32.79,96.28,134.4,142.47,331.49,85.56,144.99,335.83,27.94,159.43,103.18,139.41,198.34,183.35,12.37,126.44,185.87,4.46,56.56,188.05,248.61,284.85,253.88,3.28,55.38,186.87,319,355.23,273.69,324.74,0.97,341.4,248.76,66.58,195.87,226.18,146.47,208.83,229.94,254.33,195.18,236.45,318.69,52.96,215.46,72.79,175.71,246.83,321.39,345.78,286.63,327.9,311.19,45.45,207.96,47.78,150.7,265.54,299.09,33.36,195.86,41.6,144.52,238.81,306.91,49.82,350.69,318.05
57,131.39,133.56,30.11,97.63,136.8,143.34,341.17,86.42,147.38,339.83,28.33,165.3,110.91,146.02,202.35,183.35,21.19,126.44,187.4,8.06,56.56,193.53,257.68,292.79,257.72,6.88,55.38,192.36,315.21,350.32,277.52,326.17,1.27,345.23,247.56,58.58,137.64,156.66,98.55,157.62,228.08,253.37,196.25,231.87,316.48,48.41,207.82,69.52,168.47,239.12,296.07,321.37,264.25,299.87,334.83,66.76,226.17,82.59,181.54,274.69,297.82,29.75,189.16,39.3,138.25,230.41,306.77,45.73,348.84,313.99
58,132.58,134.75,28.21,98.83,138.98,144.04,348.42,87.12,149.63,343.27,28.57,173.77,118.41,152.24,207.03,183.35,27.74,126.44,188.95,11.26,56.56,201.76,265.9,299.73,262.43,10.08,55.38,200.58,313.79,347.62,282.24,328.1,1.93,349.95,247.15,58.81,133.27,152.29,99.8,151.85,224.1,250.59,193.65,226.21,314.14,53.86,203.09,74.7,163.5,236.06,293.17,319.66,262.72,295.28,334.83,74.55,223.78,90.5,179.3,270.64,296.12,35.84,185.07,44.31,133.11,228.91,314.69,43.49,342.62,307.65
59,133.42,135.59,24.75,99.66,140.79,144.49,350.57,87.58,151.75,344.61,28.68,188.61,122.09,155.66,212.37,183.35,29.43,126.44,190.61,12.49,56.56,216.49,272.94,306.5,267.93,11.31,55.38,215.31,314.84,348.41,287.74,329.61,3.18,355.45,249.9,59.4,126.13,145.14,94.27,144.15,220.51,249.13,188.53,221.11,310.52,52.91,199.26,72.71,158.18,232.84,288.89,317.51,256.91,289.49,334.83,77.22,223.57,92.93,178.39,270.1,292.67,35.06,181.41,41.17,126.64,228.06,317.12,42.58,341.02,306.29
60,133.81,135.98,21.21,100.05,142.24,144.67,351.43,87.76,153.89,345.39,28.68,216.84,124.47,158.16,218.22,183.35,30.11,126.44,192.57,13.26,56.56,244.72,278.99,312.67,273.94,12.08,55.38,243.54,316.29,349.97,293.75,330.96,4.64,1.46,253.8,56.34,118.19,137.21,86.7,136.11,218.79,248.46,185.58,217.83,306.26,50.21,195.39,68.53,152.85,229.61,288.02,317.69,254.81,287.07,334.83,78.78,223.96,93.89,178.21,270.79,288.65,32.6,177.78,37.06,121.38,226.34,318.08,42.4,340.53,306.4
61,133.76,135.94,17.79,100.01,143.47,144.58,351.93,87.67,156.22,346.03,28.56,250.94,126.41,160.29,223.93,183.35,30.7,126.44,194.99,14.02,56.56,278.94,284.5,318.38,279.85,12.84,55.38,277.76,317.82,351.7,299.65,332.32,6.2,7.36,257.57,54.15,117.75,136.77,88.55,135.68,218.57,246.9,186.38,216.6,304.27,56.45,193.01,72.26,151.48,229.81,291.81,320.14,259.62,289.84,334.83,87.01,223.57,99.01,178.23,271.44,286.62,38.8,175.36,41.49,120.71,226.23,323.19,42.42,335.24,304.22
62,133.64,135.82,14.52,99.89,144.59,144.46,352.27,87.54,158.55,346.66,28.45,271.36,128.25,162.05,228.78,183.35,31.17,126.44,197.45,14.77,56.56,299.47,289.81,323.61,284.85,13.59,55.38,298.29,319.52,353.32,304.66,333.75,7.54,12.37,260.41,46.6,114.38,133.4,85.48,132.35,217.78,244.3,188.43,215.46,302.14,55.23,190.07,70.4,149.12,227.07,296.12,322.64,266.77,293.8,334.83,87.92,222.77,99.58,178.31,270.64,286.5,39.59,174.43,43.75,122.47,222.75,323.77,42.49,333.81,303.13
63,133.89,136.06,11.7,100.14,144.23,144.6,352.73,87.69,158.45,347.43,28.5,289.88,130.48,162.74,232.95,183.35,31.48,126.44,197.2,15.49,56.56,317.93,295.11,327.37,289.03,14.31,55.38,316.75,321.45,353.71,308.84,335.26,7.52,16.55,262.36,41.3,115.85,134.87,85.22,133.86,219.08,243.23,190.78,217.06,302.1,54.87,189.51,69.46,149.66,227.8,301.89,326.04,273.58,299.86,334.83,87.6,222.25,98.17,178.38,272.42,287.5,40.27,174.92,45.71,125.92,222.77,322.36,42.57,334.19,304.6
64,134.69,136.86,9.34,100.93,140.65,145.13,353.3,88.21,152.31,348.31,28.75,316.76,133.16,161.47,236.51,183.35,31.52,126.44,190.53,16.12,56.56,344.56,300.49,328.79,292.48,14.94,55.38,343.38,323.62,351.92,312.28,336.85,5.15,19.99,263.59,46.39,120.95,139.97,81.88,138.93,218.8,242.94,184.88,216.83,303.56,46.19,191.1,61.84,152.25,228.71,301.89,326.04,267.97,299.92,334.83,77.46,222.37,87.93,178.34,278.45,287.5,30.13,175.04,35.47,125.88,225.96,312.12,42.53,341.92,312.43
65,135.33,137.51,6.2,101.58,134.39,145.41,352.93,88.5,140.35,348.53,28.71,343.68,134.76,157.24,235.41,183.35,30.87,126.44,178.3,16.39,56.56,11.54,306.09,328.57,291.75,15.21,55.38,10.36,326.09,348.57,311.55,338.4,0.87,19.26,261.04,51.85,126.4,145.42,81.77,144.04,218.39,242.54,176.1,216.51,305.12,45.66,192.77,60.26,154.54,232.43,301.89,326.04,259.59,300.01,334.83,75.38,222.49,83.49,177.78,284.55,287.5,28.05,175.15,31.03,125.32,234.89,307.68,41.97,344.55,317.41
66,135.05,137.22,2.79,101.3,126.84,144.8,351.75,87.88,127.01,347.98,27.89,6.71,134.92,151.35,229.23,183.35,30.31,126.44,165.57,16.65,56.56,35.38,310.93,327.36,286.92,15.47,55.38,34.2,328.36,344.79,306.73,339.84,356.27,14.44,254.5,51.81,126.37,145.39,78.93,143.02,215.18,239.33,170.57,213.04,304.19,41.84,190.96,56.64,152.38,229.8,301.89,326.04,257.27,299.74,334.83,72.48,221.6,80.4,176.14,286.24,287.5,25.15,174.27,27.94,123.68,236.09,304.59,40.33,346.32,319.39
67,163.15,154.39,166.03,144.28,150.57,143.22,352.96,86.31,114.75,348.72,26.34,18.39,137.89,149.11,221.88,148.08,357.82,91.17,119.61,354.6,32.22,24.27,144.67,155.9,231.57,17.75,55.38,47.42,329.73,340.96,301.52,341.71,352.93,9.23,245.14,50.28,124.84,143.86,74.44,139.81,209.04,233.19,162.65,206.15,301.85,36.15,186.24,51.37,147.7,223.48,301.89,326.04,255.5,299,334.83,69.12,219.22,76.97,173.31,287.15,287.5,21.79,171.89,24.51,120.85,235.82,301.16,37.5,347.63,320.77
68,47.78,151.45,158.92,141.33,146.01,205.34,233.57,199.19,202.52,350.23,24.95,19.28,142.3,149.47,222.83,295.75,323.98,289.61,292.93,357.5,32.22,26.55,154.55,161.72,234.4,345.42,20.14,14.46,121.71,128.88,218.35,344.52,351.69,12.06,242.27,44.94,119.49,138.51,65.64,133.33,200.92,225.07,146.42,197.84,297.75,31.28,181.13,44.82,141.36,219.82,301.89,326.04,247.38,298.81,334.83,68.36,218.21,74.73,171.27,290.91,287.5,21.03,170.87,22.27,118.81,244.23,298.92,35.46,348.69,323.3
69,47.97,151.64,159.33,141.52,145.23,200.56,233.27,194.41,197.52,350.28,24.43,16.3,142.71,147.67,245.84,295.75,328.47,289.61,292.72,358.07,32.22,24.09,156.33,161.29,258.22,345.99,20.14,12.01,119.22,124.18,242.17,345.95,350.91,35.88,264.08,40.25,114.81,133.83,60.25,129.15,194.18,218.33,136.62,192.43,294.33,28.32,181.38,41.01,138.28,218.25,301.89,326.04,244.33,300.14,334.83,68.82,221.88,74.63,171.9,293.91,287.5,21.49,174.55,22.17,119.44,249.57,298.82,36.09,350.52,325.7
70,49.31,152.98,157.37,142.87,145.87,198.39,235.21,192.25,195.59,351.31,24.33,12.91,145.45,148.99,298.02,295.75,332.57,289.61,292.94,359.21,32.22,20.8,162.09,165.63,310.69,347.13,20.14,8.72,117.58,121.12,294.64,347.27,350.81,88.35,314.09,38.94,113.5,132.51,59.95,128.82,191.39,215.54,136.28,191.48,293.03,27.37,185.81,40.48,138.53,218.14,301.89,326.04,246.77,301.98,334.83,69.17,227.62,75.34,173.39,295.4,287.5,21.84,180.29,22.88,120.93,249.64,299.53,37.58,352.69,327.5
71,50.12,153.8,151.83,143.68,145.9,196.09,232.91,189.95,193.6,352.19,24.1,10.14,148.41,150.91,328.23,295.75,332.57,289.61,293.25,0.31,32.22,18.26,170.13,172.64,341.34,348.23,20.14,6.18,119.27,121.78,325.28,347.86,350.36,119,343.05,40.66,115.21,134.23,62.31,130.54,192.33,216.48,140.8,192.42,293.67,27.1,186.45,41.33,139.56,216.53,301.89,326.04,250.36,301.98,334.83,68.26,227.62,75.17,173.39,294.04,287.5,20.93,180.29,22.71,120.93,245.34,299.35,37.58,352.88,326.95
72,50.8,154.48,127.88,144.36,145.57,193.31,236.32,187.16,191.11,353.87,23.73,7.96,153.19,155,340.14,295.75,338.76,289.61,293.56,2.36,32.22,16.45,198.42,200.24,353.89,350.28,20.14,4.37,116.74,118.55,337.83,349.47,351.28,131.54,351.94,24.09,115.62,134.64,60.69,175.36,209.1,226.05,189.55,222.52,293.92,24.04,205.07,38.73,190.06,220.3,321.41,338.36,301.86,334.83,334.83,64.96,245.99,72.26,223.59,300.81,284.95,15.07,196.1,24.45,175.78,215.55,296.45,87.78,0.92,334.6
73,51.69,155.36,78.55,145.24,145.22,191.2,245.67,185.05,189.4,354.96,23.44,6.18,156.55,157.95,345.78,295.75,350.23,289.61,293.96,3.74,32.22,14.96,251.23,252.62,0.06,351.66,20.14,2.88,107.85,109.25,344.01,350.68,352.07,137.72,355.53,27.75,119.28,138.3,59.53,179.02,212.63,229.58,195.15,226.05,295.95,22.13,207.1,36.61,192.62,221.54,321.41,338.36,303.94,334.83,334.83,61.01,245.99,67.59,223.59,305.17,284.95,11.13,196.1,19.77,175.78,213.02,291.77,87.78,4.41,338.82
74,52.61,156.29,42.8,146.17,145.15,191.03,260.97,184.88,190.48,355.68,23.53,4.08,158.49,160.07,347.97,295.75,5.69,289.61,295.21,4.37,32.22,12.77,289.27,290.84,2.25,352.29,20.14,0.69,93.76,95.34,346.2,351.41,352.99,139.91,356.35,30.07,121.6,140.62,59.41,181.34,215.38,232.33,195.8,228.8,297.39,23.45,208.55,37.1,194.32,224.51,321.41,338.36,301.83,334.83,334.83,60.89,245.99,66.37,223.59,307.58,284.95,11.01,196.1,18.56,175.78,215.09,290.56,87.78,4.5,340
75,151.88,166.42,174.56,161.14,164.76,188.94,278.4,182.8,191.33,355.59,23.24,0.83,159.1,161.75,347.38,199.44,288.9,193.29,201.82,357.4,25.05,2.64,161.21,163.86,350.28,352.5,20.14,357.74,74.99,77.64,346.24,351.95,354.6,139.95,355.65,24.2,124.56,143.58,55.96,184.3,209.67,225.35,189.06,227.06,299.13,20.81,210.28,33.72,196.45,225.49,325.24,340.92,304.62,342.63,334.83,56.51,245.99,60.86,223.59,313.4,289.96,11.64,201.11,19.33,182.06,220.54,285.05,87.78,8.29,344.92
76,152.89,167.42,177.71,162.14,166.14,186.95,298.17,180.8,192.24,355.15,22.79,359.24,158.41,160.46,349.15,199.44,310.66,193.29,204.73,357.41,25.05,1.5,159.6,161.65,352.83,352.51,20.14,356.6,53.77,55.82,348.79,352.47,354.53,142.51,357.66,22.18,127.2,146.22,60.04,186.94,207.47,222.43,189.93,226.74,300.56,20.52,211.72,35.08,198.28,224.72,327.46,342.42,309.92,346.73,334.83,54.79,245.99,60.39,223.59,311.8,292.39,12.35,203.55,22.01,185.21,219.75,284.58,87.78,9.86,345.23
77,51.68,167.33,181.93,162.05,163.04,211.94,244.24,208.5,215.53,354.73,22.39,1.24,157.02,153.77,354.38,303.35,335.65,299.91,306.94,357.39,25.05,3.89,155.8,152.55,358.69,349.69,17.35,356.2,130.4,127.16,349.15,353.01,349.76,148.36,3.01,23.02,128.73,147.75,59.34,188.47,208.16,223.06,186.14,227.8,301.46,22.61,212.61,35.98,199.38,227.97,327.68,342.58,305.66,347.32,334.83,55.98,245.99,60.2,223.59,314.12,292.86,14,204.01,22.34,185.74,224.77,284.38,87.78,8.75,345.51
78,54.05,169.7,189.55,164.42,163.55,209.83,247.16,206.39,211.02,354.9,22.68,3.94,157.44,152.89,357.28,303.35,340.68,299.91,304.53,357.26,25.05,6.3,150.69,146.15,1.35,349.56,17.35,358.61,125.52,120.98,351.81,353.29,348.75,151.02,5.52,24.3,131.65,150.67,56.85,191.39,213.09,227.67,188.57,233.23,303.52,23.11,214.67,35.06,201.65,232.31,328.64,343.22,304.12,348.78,334.83,54.42,245.99,57,223.59,319.23,293.55,13.13,204.7,20.15,186.74,227.65,281.19,87.78,10,348.4
79,56.36,172.02,192.96,166.73,162.82,209.64,247.22,206.2,208.17,355.11,23.11,7.46,158.63,150.13,2.43,303.35,340.93,299.91,301.87,357.05,25.05,9.39,149.34,140.84,6.09,349.36,17.35,1.7,125.01,116.51,356.55,353.23,344.74,155.76,10.52,25.16,132.88,151.9,56.63,122.63,215.13,229.56,189.2,206.74,304.2,23.95,98.28,35.45,105.25,212.04,329.08,343.5,303.15,320.68,334.83,54.58,128.91,56.53,126.33,298.62,293.47,13.22,87.55,19.77,89.57,206.94,280.72,350.52,347.78,326.82
80,60.23,175.89,197.3,170.61,161.78,211.28,249.76,207.85,206.78,356.14,23.99,10.93,161.99,146.88,8.29,303.35,341.82,299.91,298.84,357.19,25.05,11.98,149.12,134.01,11.02,349.5,17.35,4.29,124.36,109.25,1.48,353.33,338.22,160.69,15.21,24.82,133.26,152.28,57.48,122.06,214.8,229.13,185.86,206.03,304.43,25.55,95.3,36.76,104.07,214.6,329.38,343.71,300.45,320.62,334.83,55.94,125.7,57.56,124.87,299.19,293.89,15,84.76,21.31,88.62,211.41,281.75,349.06,347.47,326.84
81,63.09,178.75,200.7,173.46,160.73,211.56,251.78,208.12,204.56,357.2,24.7,13.2,165.42,146.07,11.76,303.35,343.57,299.91,296.35,357.55,25.05,13.55,149.13,129.78,13.79,349.86,17.35,5.85,123.17,103.83,4.25,353.54,334.2,163.46,17.42,22.92,134.78,153.8,57.14,123.42,214.16,227.93,181.98,206.56,305.35,26.73,88.47,37.29,103.29,219.83,331.14,344.91,298.96,323.54,334.83,56.21,117.95,56.98,122.98,303.54,295.56,16.93,78.68,22.96,88.96,218.81,281.17,347.17,349.69,329.9
82,63.67,179.32,200.38,174.04,159.14,213.17,253.77,209.73,204.6,357.63,24.86,14.32,166.53,145.04,13.51,303.35,343.95,299.91,294.78,357.81,25.05,14.5,150.39,128.91,15.31,350.12,17.35,6.81,123.15,101.67,5.78,353.64,332.15,164.98,18.58,22.37,138.05,157.06,54.37,125.81,224.44,236.9,194.56,219.14,307.18,26.59,67.47,36.06,100.13,225.99,334.7,347.15,304.81,329.39,334.83,54.25,95.12,53.43,117.5,311.62,295.81,15.22,56.09,20.97,85.04,218.8,277.62,341.69,353.69,335.49
83,62.08,177.73,196.48,172.45,156.45,216.62,255.69,213.19,207.15,357.36,24.51,14.56,165.12,141.92,14.18,303.35,342.41,299.91,293.87,357.9,25.05,15.09,152.74,129.54,16.21,350.2,17.35,7.4,124.73,101.53,6.67,353.59,330.39,165.88,19.44,25.43,141.1,160.12,52.2,126.19,226.8,239.26,194.02,223.43,309,26.3,38.02,35.03,91.14,231.54,334.7,347.15,301.92,331.33,334.83,52.13,63.85,50.17,106.28,318.75,295.81,13.11,24.82,17.7,73.81,223.59,274.35,330.46,357.71,340.66
84,63.44,179.1,197.28,173.82,157.41,223.73,263.85,220.3,213.78,358.01,24.86,15.32,166.55,143.9,15.31,303.35,343.46,299.91,293.39,358.19,25.05,15.51,153.75,131.09,16.79,350.5,17.35,7.82,124.12,101.46,7.25,353.73,331.08,166.46,19.58,29.76,145.44,164.45,53.2,128.93,228,240.46,197.75,226.52,311.44,26.33,24.09,35.46,84.86,232.86,334.7,347.15,304.45,333.21,334.83,49.72,47.48,47.45,96.86,322.49,295.81,10.69,8.46,14.99,64.4,221.48,271.64,321.05,0.54,343.78
85,65.04,180.69,198.48,175.41,158.92,225.97,266.5,222.53,215.8,358.46,25.19,15.91,168.11,145.82,16.06,303.35,343.87,299.91,293.17,358.32,25.05,15.77,154.32,132.03,17.13,350.63,17.35,8.08,123.9,101.6,7.59,353.79,331.5,166.8,19.73,33.81,149.48,168.5,47.94,131.28,228.37,240.83,207.75,228.83,313.71,22.76,15.81,31.49,77.49,228.49,334.7,347.15,314.08,335.16,334.83,43.88,36.92,40.5,86.5,327.38,295.81,4.86,357.9,8.04,54.04,207.44,264.69,310.69,1.96,346.32
86,66.11,181.77,199.96,176.48,159.92,225.28,265.99,221.85,215.01,358.67,25.42,16.23,168.97,146.61,16.41,303.35,344.05,299.91,293.07,358.29,25.05,15.86,153.9,131.53,17.26,350.6,17.35,8.17,123.69,101.32,7.72,353.79,331.43,166.93,19.89,36.39,152.06,171.08,44.39,127.16,226.6,239.06,218.2,229.34,314.99,20.61,10.59,29.12,61.58,225.73,334.7,347.15,326.29,337.43,334.83,40.45,30.43,36.24,68.7,332.05,295.81,1.43,351.41,3.77,36.24,193.75,260.42,292.89,3.92,349.12
87,67.9,183.56,202.88,178.27,161.62,226.75,267.78,223.32,216.47,358.93,25.8,16.56,169.91,147.32,16.78,303.35,344.37,299.91,293.07,358.18,25.05,15.81,152.62,130.03,17.2,350.49,17.35,8.11,123.24,100.64,7.66,353.77,331.18,166.87,19.96,37.48,153.15,172.17,30.92,108.72,223.18,235.64,316.42,227.92,315.23,14.72,10.29,20.97,44.35,216.51,334.7,347.15,67.94,339.44,334.83,34.32,29.9,27.35,50.72,338.84,295.81,355.3,350.87,354.88,18.26,84.35,251.53,274.91,2.29,350.25
88,70.39,186.05,206.78,180.77,164.08,229.94,271.31,226.51,219.76,359.28,26.29,16.89,171.08,148.23,17.18,303.35,344.72,299.91,293.16,358.03,25.05,15.65,151.04,128.19,17,350.34,17.35,7.95,122.71,99.86,7.46,353.74,330.89,166.67,19.94,38.89,154.56,173.58,28.44,85.4,222.17,234.63,348.48,227.67,315.93,14.33,13.38,19.94,37.29,215.06,334.7,347.15,101.01,340.2,334.83,33.23,32.28,25.22,42.57,340.02,295.81,354.2,353.26,352.76,10.11,48.57,249.41,266.76,0.67,349.66
89,73.05,188.7,210.65,183.42,166.72,233.14,274.78,229.7,223.09,359.64,26.79,17.2,172.36,149.26,17.53,303.35,344.99,299.91,293.3,357.89,25.05,15.45,149.65,126.55,16.74,350.2,17.35,7.75,122.26,99.16,7.21,353.71,330.61,166.41,19.86,40.02,155.69,174.71,27.19,72.97,221.98,234.43,2.85,225.93,316.58,14.6,17.32,19.66,36.59,214.2,334.7,347.15,115.57,338.65,334.83,32.85,35.57,24.05,40.98,339.03,295.81,353.82,356.54,351.58,8.51,30.63,248.24,265.16,357.68,347.46
90,75.07,190.73,213.39,185.44,168.7,234.82,276.6,231.38,224.87,359.95,27.19,17.42,173.5,150.14,17.78,303.35,345.12,299.91,293.4,357.8,25.05,15.28,148.82,125.46,16.53,350.11,17.35,7.58,122.02,98.66,6.99,353.69,330.33,166.2,19.76,40.1,155.77,174.79,23.28,64.23,220.92,233.38,2.52,224.3,316.5,12.65,18.47,17.07,34.81,208.23,334.7,347.15,116.3,338.08,334.83,30.98,36.81,21.42,39.15,337.89,295.81,351.96,357.78,348.95,6.69,24.77,245.6,263.34,354.42,344.96
91,76.19,191.85,214.76,186.57,169.69,235.11,276.9,231.67,225.16,0.17,27.45,17.59,174.31,150.67,17.96,303.35,345.14,299.91,293.41,357.76,25.05,15.19,148.53,124.89,16.43,350.07,17.35,7.49,121.95,98.31,6.89,353.68,330.03,166.1,19.71,8.23,155.53,174.55,21.73,52.81,206.75,213.3,178.26,199.08,316.22,12.29,15.54,16.23,29.26,211.51,350.76,357.31,322.27,343.09,334.83,30.9,34.15,20.79,33.83,341.18,311.37,7.44,10.69,9.79,22.83,212.39,244.98,258.01,356.47,347.56
92,34.52,192.1,214.9,186.82,169.76,242.52,261.48,238.74,230.1,0.28,27.55,17.68,174.7,150.81,18.05,341.16,0.12,337.38,328.73,357.78,25.05,15.17,148.66,124.76,16.43,354.19,21.46,11.59,148.91,125.01,11.34,353.68,329.78,166.1,19.7,7.83,155.41,174.42,20.15,39.52,204.95,211.43,175.85,200.58,316.06,11.44,9.78,15.13,21.39,215.83,350.9,357.38,321.81,346.54,334.83,30.21,28.56,19.8,26.06,347.5,311.51,6.89,5.23,9.02,15.28,218.01,243.99,250.25,2.03,353.42
93,33.71,191.29,213.74,186,168.74,240.46,259.31,236.68,227.92,0.19,27.41,17.58,174.38,150.29,17.95,341.16,0.01,337.38,328.62,357.82,25.05,15.21,149.07,124.97,16.51,354.24,21.46,11.63,149.08,124.99,11.42,353.69,329.6,166.18,19.71,7.31,155.63,174.65,17.84,25.89,203.65,210.04,179.74,204.81,316.21,9.78,2.89,13.33,12.91,218.22,351.16,357.55,327.25,352.32,334.83,28.4,21.52,17.82,17.4,355.07,311.99,5.57,358.68,7.61,7.19,218.36,242.01,241.59,8.88,0.45
94,30.37,187.94,209.98,182.66,165.21,236.85,255.57,233.08,224.19,359.53,26.7,16.94,171.97,147.7,17.26,341.16,359.88,337.38,328.49,357.87,25.05,15.29,149.54,125.27,16.63,354.29,21.46,11.71,149.27,125.01,11.54,353.7,329.44,166.3,19.77,6.54,156.42,175.44,15.12,16.52,201.81,208.05,184.15,206.35,316.82,7.85,358.53,11.22,7.53,215.99,351.62,357.86,333.96,356.16,334.83,25.86,16.53,15.05,11.36,359.2,313.1,4.13,354.8,6.1,2.41,213.83,239.24,235.55,12.05,3.84
95,27.87,182.51,204.29,177.23,159.65,230.44,250.7,226.68,217.81,358.38,25.56,15.9,167.73,143.26,16.11,338.56,358.82,334.81,325.93,357.87,25.05,15.39,149.78,125.31,16.76,353.95,21.12,11.47,147.38,122.91,11.31,353.69,329.22,166.43,19.91,6.04,157.88,176.9,12.76,9.11,199,205.17,184.87,205.67,317.97,6.34,356.36,9.49,4.1,213.71,352.04,358.21,337.91,358.7,334.83,23.2,13.23,12.1,6.7,2.23,314.63,3,353.03,4.75,359.35,211.04,236.28,230.89,13.91,6
96,31.47,182.87,204.85,177.59,159.99,231.54,253.57,227.83,219.12,358.37,25.63,16.06,167.67,142.97,16.32,335.73,357.76,332.02,323.31,357.78,25.05,15.48,149.46,124.75,16.88,353.45,20.71,11.15,145.09,120.38,10.98,353.66,328.95,166.56,20.16,64.89,137.53,142.26,97.04,134.13,197.8,203.96,184.76,204.85,319.28,5.96,356.22,9.12,3.72,212.31,263.45,269.6,250.41,270.5,326.74,13.42,3.68,16.49,11.09,247.8,315.93,2.61,352.87,4.26,358.86,209.55,234.48,229.08,13.89,6.09
97,32.5,183.36,206.66,178.07,160.57,228.98,251.66,225.3,216.8,358.35,25.77,16.27,167.8,143.1,16.48,335.35,358.03,331.67,323.17,357.63,25.05,15.54,147.94,123.24,16.95,353.13,20.55,11.05,144.07,119.37,10.85,353.62,328.92,166.63,20.42,67.45,140.09,144.82,101.95,137.16,199.85,206,189.33,207.27,319.74,6.09,356.2,9.38,3.74,212.49,263.45,269.6,252.93,270.87,326.74,13.08,3.2,16.24,10.59,245.57,315.93,2.27,352.39,4.01,358.36,207.14,234.23,228.59,14.35,6.46
98,23.85,174.83,201.59,169.55,152.26,208.28,232.1,204.6,196.19,356.21,23.83,14.27,160.97,136.78,14.06,335.44,359.26,331.76,323.35,357.42,25.05,15.49,144.29,120.1,16.86,352.96,20.58,11.03,142.78,118.59,10.8,353.63,329.44,166.53,20.52,66.93,139.57,144.3,102.68,136.65,203.78,209.93,192.81,211.2,320.23,6.88,356.69,10.31,4.18,215.76,263.45,269.6,252.48,270.88,326.74,13.39,3.19,16.71,10.58,245.57,315.93,2.58,352.38,4.48,358.35,208.84,234.7,228.57,15.29,7.24
99,28.99,169.73,203.63,164.45,147.48,203.56,235.46,200.01,192.58,354.75,22.56,12.74,155.97,132.91,12.21,326.44,358.33,322.88,315.45,357.23,25.05,15.22,137.05,113.99,16.48,351.54,19.35,9.52,133.36,110.29,9.06,353.72,330.65,166.15,20.25,52.04,124.68,129.41,87.79,121.68,196.66,202.81,185.69,204.08,318.41,5.06,354.93,8.15,2.04,211.63,263.45,269.6,252.48,270.87,326.74,13.39,3.26,16.71,10.6,245.63,315.93,2.58,352.45,4.48,358.37,208.9,234.7,228.59,15.35,7.3
100,26.99,165.49,210.84,160.21,143.66,199,235.04,195.6,189.48,353.49,21.33,10.92,151.8,130.29,9.95,324.93,0.97,321.53,315.41,357.2,25.05,14.64,125.73,104.22,15.7,350.78,18.63,8.22,128.62,107.11,7.4,353.88,332.37,165.37,19.34,42.41,115.05,119.78,156.15,112.19,182.83,188.98,216.4,190.52,316.31,227.47,352.64,218.89,359.38,6.36,263.45,269.6,297.03,271.15,326.74,237.89,3.07,229.79,10.28,8,315.93,227.08,352.26,217.56,358.04,4.71,87.78,228.27,351.21,354.58