,Animal_1 three-point convex hull (area mm) Ear_left_1-Ear_right_1-Nose_1,Animal_1 three-point convex hull (area mm) Ear_left_1-Ear_right_1-Center_1,Animal_1 three-point convex hull (area mm) Ear_left_1-Ear_right_1-Lat_left_1,Animal_1 three-point convex hull (area mm) Ear_left_1-Ear_right_1-Lat_right_1,Animal_1 three-point convex hull (area mm) Ear_left_1-Ear_right_1-Tail_base_1,Animal_1 three-point convex hull (area mm) Ear_left_1-Nose_1-Center_1,Animal_1 three-point convex hull (area mm) Ear_left_1-Nose_1-Lat_left_1,Animal_1 three-point convex hull (area mm) Ear_left_1-Nose_1-Lat_right_1,Animal_1 three-point convex hull (area mm) Ear_left_1-Nose_1-Tail_base_1,Animal_1 three-point convex hull (area mm) Ear_left_1-Center_1-Lat_left_1,Animal_1 three-point convex hull (area mm) Ear_left_1-Center_1-Lat_right_1,Animal_1 three-point convex hull (area mm) Ear_left_1-Center_1-Tail_base_1,Animal_1 three-point convex hull (area mm) Ear_left_1-Lat_left_1-Lat_right_1,Animal_1 three-point convex hull (area mm) Ear_left_1-Lat_left_1-Tail_base_1,Animal_1 three-point convex hull (area mm) Ear_left_1-Lat_right_1-Tail_base_1,Animal_1 three-point convex hull (area mm) Ear_right_1-Nose_1-Center_1,Animal_1 three-point convex hull (area mm) Ear_right_1-Nose_1-Lat_left_1,Animal_1 three-point convex hull (area mm) Ear_right_1-Nose_1-Lat_right_1,Animal_1 three-point convex hull (area mm) Ear_right_1-Nose_1-Tail_base_1,Animal_1 three-point convex hull (area mm) Ear_right_1-Center_1-Lat_left_1,Animal_1 three-point convex hull (area mm) Ear_right_1-Center_1-Lat_right_1,Animal_1 three-point convex hull (area mm) Ear_right_1-Center_1-Tail_base_1,Animal_1 three-point convex hull (area mm) Ear_right_1-Lat_left_1-Lat_right_1,Animal_1 three-point convex hull (area mm) Ear_right_1-Lat_left_1-Tail_base_1,Animal_1 three-point convex hull (area mm) Ear_right_1-Lat_right_1-Tail_base_1,Animal_1 three-point convex hull (area mm) Nose_1-Center_1-Lat_left_1,Animal_1 three-point convex hull (area mm) Nose_1-Center_1-Lat_right_1,Animal_1 three-point convex hull (area mm) Nose_1-Center_1-Tail_base_1,Animal_1 three-point convex hull (area mm) Nose_1-Lat_left_1-Lat_right_1,Animal_1 three-point convex hull (area mm) Nose_1-Lat_left_1-Tail_base_1,Animal_1 three-point convex hull (area mm) Nose_1-Lat_right_1-Tail_base_1,Animal_1 three-point convex hull (area mm) Center_1-Lat_left_1-Lat_right_1,Animal_1 three-point convex hull (area mm) Center_1-Lat_left_1-Tail_base_1,Animal_1 three-point convex hull (area mm) Center_1-Lat_right_1-Tail_base_1,Animal_1 three-point convex hull (area mm) Lat_left_1-Lat_right_1-Tail_base_1,Animal_2 three-point convex hull (area mm) Ear_left_2-Ear_right_2-Nose_2,Animal_2 three-point convex hull (area mm) Ear_left_2-Ear_right_2-Center_2,Animal_2 three-point convex hull (area mm) Ear_left_2-Ear_right_2-Lat_left_2,Animal_2 three-point convex hull (area mm) Ear_left_2-Ear_right_2-Lat_right_2,Animal_2 three-point convex hull (area mm) Ear_left_2-Ear_right_2-Tail_base_2,Animal_2 three-point convex hull (area mm) Ear_left_2-Nose_2-Center_2,Animal_2 three-point convex hull (area mm) Ear_left_2-Nose_2-Lat_left_2,Animal_2 three-point convex hull (area mm) Ear_left_2-Nose_2-Lat_right_2,Animal_2 three-point convex hull (area mm) Ear_left_2-Nose_2-Tail_base_2,Animal_2 three-point convex hull (area mm) Ear_left_2-Center_2-Lat_left_2,Animal_2 three-point convex hull (area mm) Ear_left_2-Center_2-Lat_right_2,Animal_2 three-point convex hull (area mm) Ear_left_2-Center_2-Tail_base_2,Animal_2 three-point convex hull (area mm) Ear_left_2-Lat_left_2-Lat_right_2,Animal_2 three-point convex hull (area mm) Ear_left_2-Lat_left_2-Tail_base_2,Animal_2 three-point convex hull (area mm) Ear_left_2-Lat_right_2-Tail_base_2,Animal_2 three-point convex hull (area mm) Ear_right_2-Nose_2-Center_2,Animal_2 three-point convex hull (area mm) Ear_right_2-Nose_2-Lat_left_2,Animal_2 three-point convex hull (area mm) Ear_right_2-Nose_2-Lat_right_2,Animal_2 three-point convex hull (area mm) Ear_right_2-Nose_2-Tail_base_2,Animal_2 three-point convex hull (area mm) Ear_right_2-Center_2-Lat_left_2,Animal_2 three-point convex hull (area mm) Ear_right_2-Center_2-Lat_right_2,Animal_2 three-point convex hull (area mm) Ear_right_2-Center_2-Tail_base_2,Animal_2 three-point convex hull (area mm) Ear_right_2-Lat_left_2-Lat_right_2,Animal_2 three-point convex hull (area mm) Ear_right_2-Lat_left_2-Tail_base_2,Animal_2 three-point convex hull (area mm) Ear_right_2-Lat_right_2-Tail_base_2,Animal_2 three-point convex hull (area mm) Nose_2-Center_2-Lat_left_2,Animal_2 three-point convex hull (area mm) Nose_2-Center_2-Lat_right_2,Animal_2 three-point convex hull (area mm) Nose_2-Center_2-Tail_base_2,Animal_2 three-point convex hull (area mm) Nose_2-Lat_left_2-Lat_right_2,Animal_2 three-point convex hull (area mm) Nose_2-Lat_left_2-Tail_base_2,Animal_2 three-point convex hull (area mm) Nose_2-Lat_right_2-Tail_base_2,Animal_2 three-point convex hull (area mm) Center_2-Lat_left_2-Lat_right_2,Animal_2 three-point convex hull (area mm) Center_2-Lat_left_2-Tail_base_2,Animal_2 three-point convex hull (area mm) Center_2-Lat_right_2-Tail_base_2,Animal_2 three-point convex hull (area mm) Lat_left_2-Lat_right_2-Tail_base_2
0,113.36,163.51,157.02,178.83,1083.65,170.51,177.1,169.54,1056.75,178.59,187.46,1094.15,206.01,1112.41,1075.92,128.03,131.07,135.25,1041.75,103.05,123.65,1049.63,138.65,1064.34,1039.59,129.32,120.57,1028.93,148.64,1056.71,1002.61,88.38,1015.93,978.26,1017.99,125.02,165.47,177.84,174.19,288.38,157.63,187.7,149.81,284.8,189.15,172.75,281.28,208.61,287.04,288.95,116.39,137.01,120.74,238.59,114.63,119.85,211.23,146.25,207.55,231.07,117.22,88.2,200.39,132.3,214.4,203.69,92.4,148.04,158.81,178.62
1,112.45,148.66,148.06,177.14,293.06,154.87,169.16,167.85,299.32,167.04,178.16,290.82,200.72,295.13,299.47,114.21,124.03,134.51,256.43,93.6,116.52,219.62,134.6,219.45,235.58,119.51,112.03,230.69,145.02,245.42,231.16,88.69,170.28,168.45,191.44,117.49,161.05,165.66,168.19,281.1,154.56,177.07,145.17,280.82,182.8,170.81,277.3,202.55,280.93,287.82,111.51,125.23,115,232.18,107.32,117,205.03,139.95,199.87,228.42,115.55,90.79,201.55,131.64,214.3,208.42,95.82,149.32,163.35,185.32
2,112.13,148.26,143.53,176.38,1082.74,154.35,165.18,166.19,1055.25,164.12,177.38,1086.87,198.15,1106.71,1073.42,116.16,122.16,135.83,1043.2,92.12,118.04,1045.85,133.99,1060.85,1040.22,118.96,113.05,1023.55,144.55,1054.11,1001.65,89.58,1019.57,979.36,1019.87,115.48,158.96,151.24,171.38,276.77,153.62,166.79,150.91,277.6,175.58,170.38,272.8,197.03,276.91,283.05,117.02,121.03,124.65,235.48,105.38,119.67,206.24,137.16,201.19,226.82,116.69,94.97,202.83,133.36,218.68,208.3,93.68,154.74,155.03,184.36
3,111.7,147.25,143.37,175.55,1082.6,152.26,164.27,167.07,1054,163.38,173.54,1085.39,194.84,1105.96,1075.43,115.88,122.51,136.98,1044.18,91.82,113.67,1045.79,129.57,1060.96,1042.11,119.09,111.55,1023.54,143.36,1054.62,1006.38,83.59,1019.77,978.9,1019.26,107.46,149.28,161.52,165.06,268.24,141.5,172.95,139.99,265,175.87,161.28,260.64,200.56,268.93,270.62,117.26,138.12,128.17,235.7,112.83,121.25,203.13,149.94,200.83,225.54,128.16,100.08,203.79,148,220.71,208.91,102.17,149.23,155.8,180.56
4,112.25,149.87,144.47,177.37,1083.83,155.3,165.29,168.89,1055.06,164.62,176.18,1087.44,196.2,1106.79,1076.6,119.1,123.91,139.21,1045.54,93.03,116.29,1047.71,131.13,1061.88,1043.4,120.39,114.33,1025.47,144.58,1055.04,1007.24,83.36,1018.92,979.08,1018.68,89.5,134.54,139.44,152.37,250.56,136.24,158.1,138.69,257.83,161.48,156.2,249.74,189.59,253.02,264.91,114.76,130.45,125.85,232.33,109.72,119.25,200.13,146.47,197.23,223.94,129.64,106.82,208.66,151.01,222.73,217.09,102.74,148.87,157.36,182.95
5,114.23,158,147.64,181.41,1087.17,164.55,168.49,173.02,1058.83,170.27,183.85,1093.74,200.74,1110.35,1080.02,125.17,124.78,140.84,1046.66,95.34,120.46,1050.35,133.01,1062.63,1043.83,124.21,120.09,1030.04,146.95,1056.61,1008.58,84.57,1018.31,979.34,1018.86,86.46,134.88,126.91,152.44,249.48,135.51,146.53,138.68,257.24,156.28,154.28,249,183.04,251.52,264.27,120,123.74,131.39,236.89,107.39,120.88,202.54,142.36,197.78,226.03,131.75,111.88,215.05,152.34,229.27,224.15,103.17,156.26,156.98,188.94
6,115.99,154.81,150.61,184.62,1090.46,159.78,170.94,176.19,1062.46,170.86,183.22,1093.83,203.98,1113.78,1083.68,118.43,124.56,141.12,1047.75,94.4,118.07,1049.03,133.81,1063.96,1045.17,121.07,115.99,1027.39,147.08,1057.67,1010.12,85.13,1020.05,979.62,1019.51,78.13,133.55,128.14,147.28,252.22,125.33,139.87,126.23,249.85,153.86,144.82,245.11,177.73,252.86,257.15,121.76,125.89,131.41,241.31,117.9,128.02,214.59,150.52,211.94,235.39,129.7,107.04,212.3,149.49,229.59,220.26,104.66,161.44,156.7,192.37
7,115.14,161.81,151.75,185.09,1090.55,166.28,170.85,176.61,1063.18,175.36,186.41,1096.62,204.65,1114.42,1084.5,122.6,122.69,139.39,1046.74,97.53,119.52,1050.5,133.28,1063.84,1044.85,123.05,117.45,1029.54,145.84,1057.5,1010.93,83.82,1019.11,977.83,1019.46,86.28,142.36,150.85,150.05,261.23,127.18,153.75,122.7,249.04,166.55,146.98,248.36,187.16,262.41,255.72,114.67,129.37,121.98,233.27,123.92,128,214.34,156.32,216.52,233.48,122.76,96.59,198.09,142.98,218.34,205.06,105.73,156.13,154.33,188.19
8,110.92,162.57,147.92,181.46,295.2,167.49,166.96,173.19,300.19,174.05,185.33,292.59,200.96,296.71,299.67,127,122.34,139.33,258,100.54,122.58,221.5,134.08,221.5,235.21,125.01,119.73,231.92,145.36,246.04,232.44,84.05,164.99,156.43,186.71,85.53,141.02,145.69,146.81,261.47,127.92,151.23,120.92,247.39,163.58,147.29,247.41,184.31,266.11,251.55,117.54,130.07,121.77,236.75,125.87,131.59,220.22,157.82,228.14,235.59,121.04,95.33,195.77,140.2,222.33,198.35,106.89,162.66,152.71,192.98
9,106.71,158.22,143.53,176.47,291.02,164.24,163.2,168.97,296.88,169.64,181.88,288.77,196.78,292.66,296.44,125.84,121.15,137.1,256.97,100.35,122.76,221.62,134.02,221.86,235.82,123.73,118.97,231.18,143.88,245.08,231.87,84.49,164.66,157.92,187.76,85.19,141.02,138.47,152.48,263.41,133.58,149.29,132.23,254.17,164.19,156.37,253.98,188.88,272.23,258.39,113.1,120.11,122.18,233.88,117.3,128.6,215.98,152.41,225.52,230.82,121.14,101.38,199.77,143.45,227.57,201.8,108.94,168.74,152.2,196.8
10,107.03,156.72,142.1,175.53,290.4,163.74,162.79,169.29,297.48,168.2,181,288.76,195.55,291.96,296.78,123.85,119.65,135.41,256.04,99.48,121.54,221.74,132.84,221.7,235.77,121.28,116.41,229.93,141.38,243.55,230.69,83.23,164.98,158.42,187.54,88.84,142,140.18,154.27,264.18,131.71,149.07,130.17,252.46,163.57,154.43,252.63,187.9,271.16,256.62,112.68,119.55,123.07,233.41,113.63,126.91,213.16,149.89,221.19,229.07,120.33,100.61,199.24,142.78,226.46,201.36,107.96,167.56,152.2,195.53
11,108.82,157.08,143.18,176.92,291.6,164.69,164.32,171.14,299.17,168.84,182.39,290.23,197,293.25,298.39,122.56,119.17,134.92,255.53,97.97,120.44,220.86,132.04,220.88,234.94,120.68,116.24,230,141.38,243.55,230.69,83.15,165.13,159,187.54,83.64,131.22,128.05,145.96,251.2,130.37,146.09,129.72,250.87,155.46,151.21,245.7,182.35,258.35,255.71,112.66,121.35,121.43,231.3,109.57,121.77,204.98,145.88,210.62,224.43,125.21,103.13,202.25,146.12,226.76,206.3,108.27,162.24,153.9,193.83
12,110.36,160.09,145.15,176.62,291.78,167.63,166.24,170.63,299.47,171.44,182.66,290.22,196.9,293.33,298.03,126.29,121.64,135.54,256.53,98.49,119.22,218.93,130.2,218.79,232.99,124.8,118.46,231.85,142.98,245.25,232.38,82.13,163.12,157.08,186.12,95.5,129.31,111.64,152.56,242.26,140.17,142.25,145.25,258.23,148,158.15,243.84,179.69,246.16,262.06,115.21,114.06,128.34,230.21,91.66,113.1,187.68,131.4,186.76,213.94,130.06,113.57,211.43,151.64,230.27,219.53,108.33,159.67,156.09,194.39
13,110.31,156.16,143.2,172.7,288,164.6,165.32,166.07,296.58,168.01,179.12,286.38,194.07,289.5,294.97,125.78,123.07,134.29,256.03,95.71,117.29,215.79,128.8,215.46,231.41,125.46,118.3,232,143.5,245.36,232.57,83.33,161.96,159.52,187.11,99.2,126.21,110.6,155.37,236.83,133.52,142.45,148.09,256.62,149.37,154.93,245.19,182.53,238.97,266.27,102.18,108.28,122.86,220.81,91.34,105.84,185.52,130.61,176.48,212.72,123.77,99.13,205.88,148.45,221.39,218.49,111.33,165.99,163.02,197.2
14,110.15,151.72,139.79,165.99,279.79,161.5,163.34,157.91,290.79,164.01,175.53,279.18,190.14,281.02,291.03,122.35,121.05,127.18,249.63,92.13,115.22,208.43,126.69,207.14,228.71,123.13,114.59,226.89,139.83,239.36,229.31,86.96,157.25,164.16,189.41,97.5,127.57,111.89,147.95,231.54,139.83,143.63,141.54,256.62,151.22,156.07,243.94,180.48,231.21,270.18,107.32,112.45,117.07,222.76,92.5,104.06,182.55,129.8,171.14,216.82,133.44,106.85,216.82,152.07,224.89,232.43,116.58,162.2,176.68,205.35
15,109.47,144.55,133.23,161.48,265.85,153.93,157.76,152.68,279.36,157.68,169.08,267.18,184.93,266.56,282.14,113.84,114.38,121.04,236.49,87.18,110.31,197.19,122.88,193.28,220.6,115.84,105.64,214.82,133.35,226.06,220.05,87.46,151.6,162.07,185.32,98.05,131.41,114.85,155.1,230.51,142.12,145.47,149.32,255.47,155.52,162.59,246.32,187.48,228.51,274.97,103.29,109.23,117.22,216.96,95.83,107.05,184.36,134.53,169.14,219.74,130.15,104.96,213.01,152.35,217.71,231.9,118.87,161.8,179.23,205.46
16,109.84,135.33,130.56,157.44,247.5,143.56,158.7,146.1,262.56,157.03,162.1,250.67,187.58,249.4,269.37,102.17,113.68,113.83,217.52,88.52,106.33,182.13,128.2,177.24,209.95,115.09,93.43,195.63,135.2,210.65,203.89,100.55,148.1,159.01,184.38,98.93,135.79,119.34,159.72,233,147.19,150.2,154.98,258.57,158.6,167.49,248.67,191.37,231.4,277.34,109.48,113.37,123.57,220.69,98.23,112.54,187.25,137.3,170.86,222.22,131.68,110.39,215.41,154.62,218.48,234.25,115.12,156.58,176.45,200.39
17,108.87,131.28,133.84,153.26,241.09,140.16,162.36,137.44,256.27,157.27,159.94,243.38,190.24,243.78,265.33,102.95,120.92,112.67,215.11,90.34,109.67,176.72,135.75,172.9,211.11,120.36,95.35,193.41,141.06,209.21,203.08,110.57,143.34,164.79,188.7,96,139.12,121.87,171.62,236.13,148.34,152.09,168.06,260.87,161.97,174.06,252.28,199.83,235.68,280.89,117.15,118.81,141.61,227.23,106.45,125.37,196.41,149.04,177.71,229.74,134.31,119.46,218.79,164.13,221.09,239.35,114.65,157.02,171.4,195.72
18,108.66,133.59,120.25,146.75,246.06,138.31,147.58,128.35,257.38,148.19,150.68,245.73,171.22,247.22,261.19,109.96,111.85,112.67,223.66,84.86,107.39,184.4,120.56,178.52,212.53,114.32,91.13,197.86,126.91,214.59,202.87,97.32,151.02,161.02,189.02,90.06,133.61,123.23,167.47,237.54,142.37,149.4,163.82,259.01,157.07,170.99,250.63,196.63,237.09,279.14,110.75,116.33,136.89,225.62,102.63,122.69,195.87,146.88,180.88,229.06,128.58,118.82,217.12,160.42,219.54,237.91,110.34,153.91,171.78,192.81
19,109.98,137.12,138.97,148.42,254.46,144.93,164.04,131.44,266.58,158.61,158.77,254.78,184.69,255.93,271.75,108.59,122.85,108.3,226.56,91.8,109.99,189.13,131.07,185.44,219.29,116.93,93.09,201.32,131.42,214.88,206.69,100.55,144.89,169.45,189.82,95.17,136.71,126.2,182.55,237.11,147.55,153.73,182.48,260.67,159.57,183.3,250.72,207.13,236.28,281.75,114.03,119.35,152.42,226.01,99.92,127.96,190.78,150.93,175.48,225.27,133.14,133.57,220.03,173.24,221.42,243.61,113.08,150.5,167.66,186.69
20,110.38,142.07,132.75,149.25,255.57,153,161.87,133.72,267.95,159.64,165.42,254.88,184.21,258.71,271.58,116.86,121.98,111.03,229.41,92.87,115.86,189.47,130.91,189.55,219.63,123.72,102.06,203.58,135.29,221.85,207.28,106.21,147.99,167.35,195.54,96.27,143.06,131.03,192.59,240.25,148.27,156.63,188.52,262.2,164.42,188.2,254.86,212.84,240.25,284.71,124.22,127.07,167.79,232.63,110.72,143.33,201.14,162.46,181.02,234.32,134.2,137.14,220.98,176.65,221.24,244.86,113.19,150.75,166.27,182.82
21,105.33,135.24,1103.32,151.16,252.06,140.3,1081.56,141.62,263.84,1103.16,152.62,253.7,1092,1153.12,265.55,105.48,1065.36,113.65,224.68,1064.75,102.43,192.33,1060.44,1110.38,211.03,1037.93,87.83,199.04,1019.02,1090.27,203.14,999.5,1049.62,151.88,1041.24,91.49,139.77,127.53,187.18,238.95,143.01,148.75,182.75,257.65,159.51,183.15,253.51,205.52,239.02,281.06,115.84,116.66,158.56,225.58,103.67,135.21,197.69,152.67,178.28,228.22,126.06,131.96,217.56,167.39,216.14,240.43,106.52,150.72,164.66,179.86
22,1086.88,1109.76,0,1097.13,1154.83,137.08,1086.88,141.79,259.59,1109.76,153.97,248.77,1097.13,1154.83,261.61,1047.55,0,1025.43,1092.66,0,1011.58,1055.82,0,0,1041.82,1047.55,92.16,196.5,1025.43,1092.66,199.84,1011.58,1055.82,152.29,1041.82,99.21,144.08,122.27,188.33,230.6,155.61,150.33,192.14,258.53,156.27,186.25,248.76,200.08,231.62,275.53,125.77,117.62,164.22,226.38,98.84,133.61,191.88,144.56,171.87,220.56,127.13,137.64,220.04,165.13,216.56,241,95.59,143.14,155.75,171.38
23,1093.1,1116.55,0,1100.72,1156.07,148.22,1093.1,137.31,252.82,1116.55,159.66,243.4,1100.72,1156.07,256.89,1051.35,0,1027.36,1092.5,0,1011.58,1044.96,0,0,1045.37,1051.35,93.75,187.28,1027.36,1092.5,192.61,1011.58,1044.96,143.97,1045.37,96.31,134.36,119.51,186.17,219.38,151.07,149.88,196.04,250.77,148.12,185.43,237.88,197.36,220.28,267.71,119.29,117.38,165.23,220.16,91.64,130.65,183.29,141.85,164.98,214.1,125.53,144.02,218.19,168.88,213.53,242.15,94.49,136.86,156.63,165.09
24,116.26,142.68,1129.2,161.76,238.81,141.09,1101.24,138.8,246.03,1120.67,159.63,237.39,1106.08,1158.22,254.29,109.35,1089.31,120,207.25,1082.71,114.8,172.58,1081.06,1113.22,202.43,1052.15,89.24,177.21,1029.13,1091.48,185.68,1016.94,1049.82,145.42,1045.99,100.97,139.2,114.05,153.7,216.81,154.87,147.54,151.24,249.34,152.31,166.71,237.83,178.44,216.59,265.76,120.56,112.43,123.27,215.8,94.35,115.89,181.43,126.82,159.4,215.71,126.95,112.55,213.08,141.3,208.87,229.24,100.46,141.04,172.11,186.96
25,128.26,135.49,102.67,179.97,238.69,124.63,139.95,146.84,241.47,148.39,161.09,233.74,192.91,247.75,255.92,98.84,104.07,134.37,202.37,88.22,124.33,170.35,146.05,174.26,205.85,120.21,85.9,167.83,155.77,219.89,181.06,146.94,189.08,156.06,224.61,106.54,150.73,124.2,163.31,220.16,165.78,153.21,160.99,248.93,162.75,180.75,241.94,189.02,217.81,271.88,116.96,106.74,118.05,205.92,91.89,113.42,174.55,124.03,152.76,210.37,127.89,118.09,210.3,142.66,202.48,228.75,103.38,136.44,172.94,185.95
26,139.7,138.55,110.39,200.07,239.32,115.22,141.97,157.01,235.87,144.21,168.62,229.84,205.7,247.33,257.77,96.62,109.59,150.61,196.4,91.41,141.79,169.95,165.1,173.66,210.08,114.01,89.76,157.52,167.98,216.14,177.93,162.54,193.08,164.23,233.18,103.87,154.45,126.9,170.57,210.96,171.83,157.09,172.95,242.92,164.47,186.63,236.18,193.76,210.78,267.96,125.75,112.89,130.36,203.3,99.54,123.32,175.83,132.33,152.31,211.11,131.01,126.97,209.07,148.8,198.36,229.34,98.55,127.69,164.97,176.14
27,147.72,142.32,120.13,213.74,240.54,107.08,144.88,162.97,231.01,142.71,172.06,226.4,215.54,249.09,257.8,97.27,119,162.74,193.16,101.32,156.31,173.05,183.72,179.67,214.02,113.21,92.69,150.65,180.09,217.26,176.1,176.89,200.38,170.47,242.76,103.78,163.87,136.5,181.51,218.9,179.14,163.43,182.81,247.86,173.99,198.13,244,205.62,219.26,277.63,130.68,116.57,137.78,205.12,106.49,132.46,180.62,141.55,157.47,217.68,134.87,135.21,211.04,155.96,199.56,234.12,101.1,125.52,164.85,176.56
28,156.99,147.1,132.02,230.61,242.3,96.4,148.46,171.22,225.58,138.75,175.72,222.44,227.6,250.82,259.05,101.19,130.7,178.57,190.39,115.41,177.49,181.67,206.82,187.5,220.84,112.72,98.96,145.82,195.42,218.78,176.28,194.54,210.26,181.97,254.75,104.75,163.52,141.38,188.13,225.37,178.5,166.28,190.6,251.94,174.1,201.62,247.06,211.14,224.66,282.88,125.76,115.94,140.36,206.24,102.51,130.14,180.11,142.05,160.11,218.43,132.88,138.09,212.15,159.92,202.06,237.97,98.74,124.99,164.1,175.74
29,166.85,153.84,138.61,246.9,245,96.06,146.63,181.29,223.12,130.89,183.22,220.3,233.26,248.33,261.81,112.18,142.01,193.76,191.23,127.33,196.74,189.47,226.04,196.75,227.31,113.81,109.6,146.05,204.7,219.14,176.07,204.96,214.65,189.24,261.81,103.47,161.17,141.33,189.34,226.44,174.49,166.16,192.18,252.5,174.43,197.6,248.01,210.88,225.97,280.08,124.15,117.42,144.17,207.03,104.88,128.79,181.74,143.66,161.29,216.13,131.94,133.86,210.04,160.25,201.1,233.96,95.43,126.37,156.37,169.05
30,1112.87,1124.24,0,1114.43,1154.92,114.11,1112.87,123.14,226.15,1124.24,138.06,218.27,1114.43,1154.92,235.28,1060.47,0,1041.79,1091.58,0,1036.74,1063.73,0,0,1053.03,1060.47,73.25,162.76,1041.79,1091.58,170.91,1036.74,1063.73,146.61,1053.03,106.36,162.07,140.62,190.35,226.23,173.54,166.61,190.48,251.8,178.27,197.65,248.09,214.37,224.97,279.87,123.92,117.89,144.31,204.89,106.92,128.85,178.56,146.47,156.33,213.78,134.9,130.97,206.12,163.12,198.42,230,103.61,128.03,155.13,171.08
31,1114.47,1125.64,0,1115.61,1155.66,129.1,1114.47,127.92,227.69,1125.64,147.94,220.05,1115.61,1155.66,238.46,1055.98,0,1038.34,1089.37,0,1026.26,1049.63,0,0,1051.58,1055.98,77.53,160.62,1038.34,1089.37,171.43,1026.26,1049.63,140.54,1051.58,111.31,163.53,145.92,193.37,224.94,174.71,172.84,191.93,251.84,180.81,199.39,246.91,218,224.79,279.4,126.22,123.75,147.74,204.24,107.41,130.9,175.01,148.91,152.28,211.8,135.37,130.48,202.94,164.24,195.96,227.11,103.15,122.48,153.12,166.63
32,1116.73,1125.81,0,1117.38,1159.51,117.89,1116.73,131,232.76,1125.81,144.93,226.1,1117.38,1159.51,245.79,1054.32,0,1039.03,1091.09,0,1030.67,1062.13,0,0,1053.42,1054.32,72.18,163.28,1039.03,1091.09,176.11,1030.67,1062.13,152,1053.42,112.91,164.69,147.14,190.78,223.02,175.34,174.52,186.35,251.03,181.11,198.6,245.59,216.88,223.99,278.61,130.28,127.52,147.09,205.13,110.04,135.27,175.62,151.62,152.08,214.43,134.73,128.15,200.94,161.23,194.13,224.68,104.22,119.44,155.64,167.93
33,117.6,140.03,119.84,155.37,233.58,132.25,137.52,129.11,237.65,143.62,148.69,231.79,164.73,230.69,246.2,100.63,95.16,110.02,196.72,81,109.34,170.59,114.64,158.74,197.53,86.62,71.03,162.6,101.78,176.21,171.07,84.78,133.77,142.1,166.48,113.49,161.45,143.64,190.32,224.09,172.12,170.6,186.81,251.15,177.13,196.15,245.03,213.71,224.56,277.28,124.88,121.73,144.92,203.57,102.71,128.7,171.89,144.63,149.79,209.49,131.1,126.62,200.38,158.84,194.58,223.8,101.2,121.47,153.5,166.77
34,118.84,139.63,125.28,151.5,237.52,132.5,141.19,122.72,237.12,143.4,145.71,231.04,162.59,233.87,241.88,103.28,101.3,108.03,200.6,79.62,107.12,170.62,113.33,162.77,195.99,89.57,72.38,164.27,101.62,179.46,167.98,82.15,130.91,140.21,163.59,112.02,159.76,140.85,194.13,224.67,168.36,166.68,187.92,251.12,173.12,197.37,244.65,214.11,226.11,279.43,127.83,122.75,153.39,207.61,104.6,138.25,176.56,151.58,154.61,217.34,126.95,128.56,199.53,159.14,194.82,225.5,102.69,122.46,156.16,169.87
35,108.97,112.09,131.35,146.15,242.87,102.92,142.3,114.95,234.2,134.42,129.71,231.97,165.18,241.06,238.05,81.14,106.5,107.07,206.36,74.84,98.05,180.34,119.5,175.42,200.32,88.91,69.97,174.8,111.54,190,172.75,91.51,152.97,158.36,169.65,113.19,158.31,140.28,191.95,227.1,167.24,166.35,184.18,252.78,170.75,195.82,243.79,212,228.12,278.4,128.43,123.77,152.38,210.26,102.58,138.42,175.68,150.84,156.25,217.31,125.88,127.88,198.59,157.44,196.3,223.51,102.75,120.99,155.44,170.22
36,94.45,131.98,140.07,140.22,244.9,129.04,150.5,115.85,235.54,149.98,147.7,236.04,174.57,249.13,238.5,105.53,120.26,107.75,214.09,95.73,115.6,190.58,135.75,196.94,208.46,107.16,92.22,182.22,125.74,201.94,178.66,95.53,140.38,149.47,174.61,113.53,155.82,126.3,181.29,228.93,164.06,154.52,170.28,251.97,165.97,188.63,242.29,200.55,228.96,273.91,123.11,109.76,138.44,207.25,94.96,130.55,171.34,138.66,154.19,212.07,122.78,119.14,193.98,147.22,196.8,215.45,108.49,130.05,155.6,179.89
37,97.34,157.87,165.47,148.59,263.59,151.23,171.86,125.24,249.55,177.35,163.55,253.56,192.25,271.82,250.34,126.62,140.27,113.72,229.14,123.23,129.51,210.62,151.23,221.91,220.5,126.06,102.6,193.03,137.34,217.33,186.19,98.09,143.78,145.45,177.84,113.98,153.74,129.03,175.33,231.31,160.53,155.84,161.52,251.64,165.38,183.47,241.93,197.3,231.32,271.08,118.92,109.9,130.59,205.7,92.77,125.88,169.32,135.38,154.38,209.16,120.34,112.82,190.4,142.34,195.48,209.64,107.39,128.88,155.45,179.04
38,95.89,157.26,156.47,144.51,269.32,145.8,161.58,116.39,250.3,171.32,154.59,254.21,180.89,274.16,250.34,134.55,140.66,118.23,243.44,125.34,131.37,222.3,148.01,232.58,231.51,129.98,102.78,202.82,135.99,229.67,195.37,97.49,156.89,151.05,188.43,114.49,150.02,129.9,183.33,232.53,157.74,157.88,173.76,253.1,163.36,184.77,241.56,202.57,232.6,269.77,118.1,113.66,141.87,208.9,91.44,125.17,169.65,138.4,156.12,205.62,121.45,117.63,192.25,151.12,198.99,210.93,104.36,129.67,147.14,171.54
39,83.42,141.18,146.96,137.21,1025.84,129.46,151.35,109.65,982.14,157.73,139.44,1044.38,171.69,1077.45,1014.77,131.27,142.99,123.25,1021.62,122.19,125.86,1056.68,147.94,1079.59,1038.87,133.92,105.64,1020.32,143.82,1059.33,986.66,95.05,1043.01,993.75,1043.13,113.51,146.24,125.05,183.44,231.37,154.94,154.22,172.75,252.18,159.13,186,239.78,202.82,231.5,271.63,115.02,110.15,141.51,208.09,88.04,127.73,168.65,140.41,156.24,209.18,118.92,118.76,191.18,151.91,199.24,212.33,110.3,131.99,153.41,179.01
40,73.47,129.69,143.72,132.91,1014.52,127.63,155.13,116.39,979.4,155.96,138.84,1040.11,175.37,1076.67,1015.18,126.58,146.95,124.25,1009.22,122.98,121.89,1045.12,151.31,1074.56,1029.1,140.46,111.44,1016.08,154.33,1058.98,985.6,96.59,1039.51,987.74,1039.68,116.07,149.52,125.34,184.56,233.88,155.91,152.76,172.21,252.51,160.55,186.57,241.94,201.78,233.99,272.06,112.3,104.51,137.66,204.29,86.15,125.87,167.57,136.44,154.97,206.74,113.73,113.7,186.37,145.29,194.8,206.81,107.85,132.42,151,177.79
41,75.07,136.57,147.19,137.25,1012.19,130.47,155.91,118.05,976.53,160.95,141.32,1039.26,177.84,1075.99,1014.43,130.4,147.63,126.58,1008.3,129.23,126.41,1047.59,154.72,1076.11,1031.36,140.92,110.18,1014.89,153.3,1058.22,985.56,96.68,1041.06,986.62,1041.04,121.19,153.72,129.76,186.22,236.97,156.75,154.13,170.26,253.29,162.38,185.54,244.01,200.37,236.78,271.51,113.15,104.06,136.95,203.32,83.66,123.58,165.4,131.95,151.7,203.19,110.76,110.35,184.44,140.05,192.08,203.24,102.4,129.88,148.07,173.16
42,76.03,144.99,154.39,142.84,264.8,136.26,158.83,121.72,251.63,167.86,148.8,252.73,183.3,271.93,251.71,130.57,145.02,125.54,248.25,128.61,127.18,223.91,153.55,234.99,232.38,141.07,114.08,218.76,153.63,243.02,214.85,95.33,158.73,148.62,184.81,119.18,154.42,128.81,187.36,238.95,154.12,149.64,167.45,252.07,160.56,184.87,244.09,198.96,238.17,271.78,116.44,104.13,141.58,206.72,84.31,128.25,167.99,134.52,154.24,207.49,110.91,114.12,186.89,141.51,194.26,206.77,103.87,131.22,150.23,176.18
43,80.25,153.79,177.88,151.49,273.2,143.14,178.86,0,258.02,186.32,157.5,261.07,202.17,283.61,258.64,130.03,157.72,126.24,248.1,140.13,129.51,226.1,166.15,240.61,233.84,149.84,115.94,219.66,164.2,245.79,215.74,101.4,157.71,148.52,183.61,108.58,149.73,124.15,186.06,242.89,152.98,146.77,172.63,256.5,159.18,187.79,248.33,201.94,242.86,276.92,113.58,102.25,142.13,212.28,90.51,133.14,179.97,142.17,169.37,217.46,111.16,117.74,191.6,146.13,200.37,212.41,108.41,139.32,154.11,183.24
44,80.34,157.54,156.52,153.58,1000.84,148.22,158.94,134.05,968.61,173.76,161.25,1040.35,187.05,1065.73,1013.24,131.67,135.09,126.2,995.68,127.76,131.24,1045.26,149.74,1063.34,1026.85,133.89,115.42,1016.74,145.66,1046.56,988.11,88.32,1033.76,987.7,1032.59,105.94,153.17,133.21,192.97,252.57,158.56,154.73,184.57,266.28,165.49,196.54,258.2,211.78,252.77,286.02,113.43,106.65,145.85,218.24,96.73,137.14,189.48,149.43,181.1,223.71,113.07,123.56,198.02,151.98,205.76,218.45,106.8,140.54,154.43,181.26
45,78.53,174.46,176.92,168.01,996.88,171.13,181.74,156.17,935.48,198.97,178.32,1043.74,209.91,1074.67,1017.49,178.49,182.12,171.16,995.84,137.24,131.2,1041.99,155.81,1065.94,1023.36,202.28,179.58,1040.81,212.34,1072.91,1013.67,93.68,1040.36,986.05,1039.13,113.63,156.67,131.83,199.9,254.55,163.99,156.65,191.68,271.76,166.37,201.62,261.13,214.86,254.57,290.64,120.09,109.13,154.54,224.28,92.76,138.4,187.56,148.01,177.39,223.84,118.19,130.8,205.39,157.9,212.71,226.12,108.44,142.67,156.31,184.21
46,87.21,169.67,166.85,166.1,982.68,165.11,173.93,152.05,946.06,189.8,175.97,1033.57,202.15,1057.52,1009.15,140.79,143.47,134.91,974.11,129.94,129.43,1032.22,149.47,1050.03,1014.99,150.54,128.9,1009.11,160.58,1038.56,982.39,88.5,1030.08,981.95,1028.76,112.76,160.48,149.52,171.91,256.53,168.8,172.83,165.08,274.86,176,181.53,264.1,199.35,256.53,282.5,124.52,125.55,127.71,227.58,103.3,118.75,191.41,133.57,180.84,216.72,126.28,111.58,209.4,141.4,213.83,219.56,87.88,133.1,152.12,170.34
47,90.77,172.42,174.89,170.26,967.02,164.84,180.1,153.96,930.85,196.01,175.76,1017.74,207.98,1047.37,995.96,139,146.73,135.25,961.16,134.97,129.39,1020.39,154.07,1042.49,1005.74,150.96,123.88,995,161.35,1029.89,971.63,89.75,1023.39,971.02,1022.87,114.03,158.28,150.55,175.77,254.44,165.28,173.67,165.94,273.49,174.38,181.99,262.58,202.49,254.35,283.98,126.21,130.23,134.88,229.96,104.74,124.73,192.84,140.87,180.25,222.26,125.99,113.03,210.03,145.29,213.55,222.61,91.6,132.9,157.29,172.93
48,90.71,170.9,163.08,173.68,319.58,165.19,169.36,158.63,310.11,186.32,178.92,311.31,201.74,324.79,309.88,139.28,136.98,139.85,286.11,126.02,132.21,259.39,148.57,266.4,265.08,142.49,127.34,260.1,155.69,279.1,256.45,84.83,189.16,169.83,207.49,115.83,152.09,146.88,175.82,248.55,161.35,172.65,167.15,271.46,168.42,179.57,258.11,200.56,248.75,282.03,124.17,131.06,137.66,229.65,100.94,124.19,190.42,140.77,176.64,222.02,123.07,111.88,209.68,144.96,212.41,223.35,91.01,132.69,160.29,172.7
49,90.26,169.12,166.99,175.38,322.42,165.88,176.02,163.1,316.19,188.88,180.09,315.38,206.8,328.04,315.49,140.24,144.62,143.53,291.42,131.94,134.98,265.08,155.94,271.97,271.25,145.62,127.35,263.49,160.58,282.66,260.63,86.03,190.32,172.41,208.15,118.82,153.33,151.51,179.84,251.34,162.83,175.76,170.18,273.93,169.48,183.87,260.47,204.31,251.83,286.19,121.85,130.69,137.6,228.57,97.42,124.3,188.13,140.64,175.4,222.25,120.44,113.41,209.49,144.5,211.5,224.44,90.41,130.27,163.18,172.71
50,89.81,169.84,168.44,176.77,321.06,167.59,178.45,165.71,316.81,190.85,181.74,314.76,209.23,326.3,316.1,141.86,147.27,145.64,291.23,134.46,136.47,263.97,158.51,270.06,270.98,148.36,129.3,263.61,163.6,281.97,261.81,86.81,187.08,170.56,205.55,117.19,155.01,151.4,182.82,250.25,167.02,176.92,177.23,275.3,170.58,188.3,261.3,206.66,251.27,288.42,123.65,130.72,140.67,229.21,98.45,125.8,189.28,141.33,176.42,223.2,122.66,118.91,213.02,147.94,213.67,229.34,88.92,129.58,162.66,171.77
51,87.86,169.51,167.03,175.31,317.16,166.65,176.17,163.65,312.7,189.63,180.6,310.64,207.39,321.85,312.29,142.6,146.53,145.46,288.65,134.02,136.45,260.63,157.64,266.24,268.13,149.1,130.72,262.1,163.92,279.73,260.81,86.72,183.52,168.1,202.98,118.96,160.41,155.61,189.49,254.59,167.99,177.68,181.19,276.95,175.37,191.88,266.5,210.96,255.82,292.79,124.28,129.97,144.43,228.95,101.34,128.8,192.19,143.88,177.51,225.43,121.28,118.37,212.42,147.95,212.24,229.78,88.56,131.7,162.25,171.46
52,80.86,161,157.5,166.92,308.66,157.83,166.57,154.47,303.69,179.86,172.27,301.34,198.44,312.84,303.28,141.36,144.29,144.05,287.31,133.62,137.89,261,158.25,266.68,268.98,145.99,128.74,259.33,161.35,277.26,258.03,88.33,184.09,169.38,204.74,119.65,163.51,156.88,194,257.61,169.89,177.85,185.89,279.19,178.05,195.66,270.53,214.19,259.04,296.92,123.06,127.06,145.5,228.23,101.58,129.6,193.89,144.16,178.44,226.72,120.06,118.99,212.97,148.15,212.11,231.31,88.59,134.12,162.89,172.6
53,81.44,161.15,158.18,170.66,309.75,158.27,167.4,158.03,304.69,180.67,176.36,302.83,202.85,314.8,304.94,139.43,142.99,145.58,286.19,133.16,140.82,261.24,161.73,267.64,269.75,144.49,130.29,258.28,163.3,276.78,257.03,92.1,185.39,170.7,206.56,117.13,161.16,154.9,188.24,256.11,169.14,176.37,181.63,277.92,175.72,191.76,268.35,209.6,257.39,293.39,122.42,126.38,141.22,228,99.07,124.69,191.78,139.26,177.55,223.13,121.5,119.06,214.55,147.1,213.81,231.32,85.89,132.9,161.19,171.05
54,82.32,163.74,162.63,175.18,314.65,161.35,171.77,164.49,310.2,186.12,179.78,308.86,208.08,321.5,310.22,136.95,142.24,145.6,286.21,132.92,137.21,261.2,160.39,268.71,268.06,146.93,131.4,261.63,166.12,280.68,260.21,90.65,188.59,169.05,205.99,114.48,163.57,152.27,187.14,254.55,170.33,172.83,179.64,274.37,176.14,191.07,265.57,207.52,255.21,288.97,127.58,126.36,143.57,227.72,100.76,126.09,190.01,138.83,175.94,220.1,125.89,123.16,214.39,149.68,214.11,230.21,86.43,130.63,154.84,168.52
55,89.08,168.75,167.26,179.32,317.94,167.79,177.86,170.06,314.83,191.68,185.16,313.26,212.88,325.46,314.65,135.51,141.11,143.07,282.9,131.02,134.26,257.43,157.51,265.15,264.11,146.15,129.52,258.85,164.33,278.13,257.22,89.68,186.81,167.18,204.12,115.26,160.89,153.63,173.33,257.35,164.36,172.19,157.14,273.33,174.45,182.08,264.74,200.89,257.09,286.94,124.91,127.56,129.03,228.31,102,126.15,191.9,139.78,179.07,225.44,121.53,110.95,208.86,139.66,211.12,222.75,93.41,131.33,165.65,178.88
56,93.47,173.72,168.27,182.84,319.3,176.13,181.72,176,319.8,194.32,191.21,315.82,215.32,325.78,318.44,143.57,145.56,148.73,287.23,128.06,133.84,253.15,154.34,259.51,261.06,154.39,139.87,266.52,171.43,283.92,265.18,88.88,182.19,166.06,201.98,115.34,156.65,151.54,171.38,258.8,155.72,167.97,151.16,270.3,170.24,174.37,262.5,196.66,257.24,282.37,122.15,127.22,129.43,229.45,103.4,126.55,195.56,141.66,183.11,227.26,116.17,102.67,203.39,135.14,208.31,215.81,93.23,135.38,163.82,178.78
57,99.58,173.5,167.99,188.74,320.14,175.72,181.97,181.67,321.9,193.18,193.91,317.13,217.47,324.5,321.47,137.98,140.46,149.08,283.28,123.03,132.68,249.86,152.48,253.47,259.37,146.35,134.94,260.96,166.51,276.33,261.16,87.39,180.21,166.07,198.75,114.93,151.18,145.18,162.38,255.45,150.64,160.79,141.08,264.23,162.22,165.72,256.01,184.97,253.82,271.95,116.3,119.34,120.04,223.33,90.34,114.24,184.67,126.38,175.37,213.91,111.97,98.97,199.48,127.25,206.33,207.96,86.64,132.86,157.69,173.64
58,106.7,175.7,167.93,195.18,320.24,183.37,187.79,192.85,327.95,193.39,199.9,318.62,220.54,323.17,324.62,145.36,146.86,159.13,288.73,122.47,136.19,249.4,153.91,251.05,259.7,150.18,141.7,264.96,171.61,278.78,265.25,85.27,176.07,163.98,194.02,115.9,153.32,145.32,170.53,256.36,149.61,158.59,149.44,261.59,161.98,168.2,254.8,187.27,253.66,269.4,116.39,117.57,127.32,221.5,94.07,119.19,187.83,130.46,178.88,213.53,106.33,97.08,192.04,125.33,200.08,200.36,83.18,132.38,148.03,166.15
59,109.15,180.92,170.58,206.1,318.8,188.18,190.2,204.43,327.63,198.87,209.47,318.43,229.72,321.4,326.19,144.5,144.05,164.38,282.45,123.86,140.55,244.39,158.34,244.9,255.78,150.39,145.78,260.12,175.94,272.99,262.59,89.01,171.83,157.78,188.89,116.51,153.25,144.63,169.7,255.41,145.67,155.77,147.2,256.83,160.54,163.84,251.49,184.05,251.16,263.99,116.13,117.52,127.38,220.04,101.44,123.18,193.86,134.67,184.81,216.08,98.67,86.77,181.36,116.98,191.04,188.67,80.81,132.89,142.39,162.17
60,111.49,185.01,171.45,216.1,315.37,189.22,188.49,212.22,323,202.84,217.33,315.86,237.76,317.52,325.76,141.1,137.41,167.85,272.73,121.34,142.56,235.18,160.03,233.88,248.84,148.95,149.24,253.37,179.53,264.9,258.94,95.06,168.17,152.98,185.67,115.63,146.77,141.5,163.75,251.51,141.37,153.96,141.62,252.04,156.02,160.18,246.79,180.64,248.48,258.44,107.16,111.62,118.37,212.07,92.93,116.18,186.07,128.5,179.63,208.68,93.78,82.45,174.99,112.62,186.4,180.87,81.36,131.32,142.29,161.57
61,109.39,184.96,167.1,216.06,309.53,190.71,185.71,212.87,319.34,200.79,218.27,310.67,236.94,311.12,322.92,147.93,140.01,174.09,274.32,122.76,147.17,233.33,162.92,230.86,249.59,153.92,156.52,255.69,185.13,266.08,263,97.72,164.6,151.85,185.91,115.77,151.69,150.39,174.28,259.75,149.77,163.37,155.67,260.72,163.44,173.95,255.2,194.22,257.69,267.71,111.72,119.15,127.75,218.96,99.41,126.23,193.64,140.32,189.95,216.29,98.1,93.33,180.31,122.32,191.53,186.27,84.94,130.36,143.31,161.2
62,107.02,184.41,162.69,203.67,304.67,191.94,182.11,202.41,315.55,197.38,208.97,305.7,224.05,306.02,315.78,150.79,138.63,165,272.63,122.28,139.95,231.16,152.69,229.15,244.98,153.6,150.58,253.94,175.21,263.82,258.96,88.03,160.23,146.67,181.45,108.12,151.81,151.22,171.22,261.78,149.64,163.47,154.05,262.53,166.35,172.3,257.56,194.69,260.88,268.88,113.58,121.28,127.48,223.11,102.65,124.23,196.64,140.49,193.82,217.45,107.3,99.47,189.79,130.15,201.4,195.61,86.09,134.12,143.7,163.87
63,108.73,185.05,159.22,205.59,299.84,191.86,178.54,202.95,310.7,197.19,211.19,301.44,225.31,301.06,313.51,148.82,133.05,164.14,265.67,119.57,140.25,224.29,151.92,221.47,240.59,151.62,150.34,247.88,174.53,257.57,254.74,92.96,158.51,145.27,182.4,103.54,155.89,155.17,173.17,268.6,152.98,167.11,157.58,270.18,173.54,174.34,265.52,199.7,268.27,276.85,118.91,126.7,131.7,232.27,111.46,126.8,205.95,145.82,202.35,225.47,117.5,105.31,201.63,139.17,212.88,208.47,88.36,140.64,146.56,169.04
64,106.79,167.14,157.57,200.49,295.62,174.1,177.72,197.8,306.83,185.4,202.06,297.24,222.43,297.11,309.84,131.88,132.86,159.54,262.37,111.38,134.64,223.62,152.37,220.85,240.18,140.22,140.64,243.51,171.57,253.94,250.44,93.99,162.51,155.59,182.77,93.41,160.67,166.92,164.41,277.42,163.88,180.76,155.63,283.74,184.93,179.83,277.59,206.94,278.91,290.03,126.55,140.59,124.84,244.5,126.56,130.83,220.15,155.1,218.63,239.12,132.88,114.54,218.96,149.44,228.06,225.94,92.34,140.61,158.52,177.86
65,107.55,173.91,160.12,197.6,298.93,179.68,178.97,193.14,307.62,190.38,201.83,299.15,221.16,301.05,309.82,136.49,132.91,154.69,262.44,114.91,133.97,224.55,150.44,223.59,239.97,142.61,138.35,242.09,167.9,254.21,247.28,92.21,161.36,151.71,183.88,99.5,170.88,190.48,173.69,289.18,175.29,206.52,165.09,298.16,207.99,190.33,290.71,230.49,291.32,304.96,136.5,164.72,133.19,257.07,144.39,136.62,227.81,173.78,225.42,248.95,156.88,124.48,233.26,173.25,242.48,241.38,106.79,143.32,165.98,184.14
66,110.28,177.24,167.01,199.31,308.9,179.27,183.2,191.11,313.27,196.08,202.06,307.32,225.17,311.87,315.83,134.32,134.02,151.79,266.07,117.77,133.61,231,152.49,231.32,245.14,141.75,133.19,243.15,166.24,257.64,247.07,93.98,168.48,155.98,189.65,103.16,171.44,178.03,177.83,295.05,173.44,193.77,166.77,303.03,197.93,187.59,295.5,219.57,295.38,308.3,141.07,156.49,141.75,267.01,135.22,137.15,234.06,164.22,229.02,254.21,149.65,124.76,240.72,165.58,249.43,247.81,96.85,152.35,167.4,187.75
67,107.31,174.56,169.35,174.21,316.17,171.13,179.8,158.88,315.27,193.36,183.77,312.29,208.02,317.97,318.48,128.37,130.94,124.91,269.8,118.22,123.53,240.54,141.68,240.14,255.53,133.45,112.98,244.43,145.01,257.9,247.51,89.94,174.95,175.9,204.95,101.4,171.71,164.49,177.27,302.19,173.09,177.78,166.83,307.13,186.85,187.94,301.09,207.13,302.21,311.32,136.35,136.99,136.92,267.76,123.35,135.32,239,150.46,236.07,256.06,133.04,121.29,240.35,148.34,249.33,245.6,85.5,159.33,167.63,191.12
68,104.89,171.15,162.14,184.51,318.14,165.44,170.18,167.86,315.15,185.98,186.22,313.06,208.92,318.69,319.68,125.64,123.48,136.65,272.41,112.73,128.47,243.77,144.26,242.49,258.98,127.35,118.4,247.36,147.94,259.83,251.63,89.29,180.73,175.1,205.52,102.83,168.19,172.61,175.36,302.28,163.24,179.97,156.54,300.59,185.59,181.01,296.65,207.58,300.16,305.83,134.04,144.47,137.21,268.05,124.95,136.55,238.99,156.81,236.19,258.03,131.6,117.02,236.59,149.59,246.1,241.76,89.19,157.29,171.81,191.15
69,105.94,170.27,158.42,180.03,315.42,167.16,170.64,164.1,314.53,185.91,184.7,310.78,206.97,317.09,317.79,131,127.78,136.92,275.66,113.43,127.89,242.28,143.46,241.89,258.27,134.32,120.64,250.06,151.54,265,253.23,93.45,182.56,176.12,209.85,102.15,162.08,1065.9,173.32,298.7,150.7,1072.53,149.1,292.26,1071.11,169.97,289.8,1083.77,1075.93,298.08,128.99,1038.42,137.62,265.68,1012.99,134.49,239.22,1035.88,1012.94,257.73,1017.81,108.46,230.97,1027.86,1022.71,236.65,963.37,934.89,171.12,954.81
70,96.93,167.91,153.64,183.29,310.27,167.6,167.2,173.33,311.81,184.01,186.52,307.09,207.86,312.76,313.64,134.6,129.09,146.18,276.7,118.49,131.97,244.57,148.19,245.13,256.98,139.02,128.97,253.09,159.07,267.52,255.84,90.68,181.22,165.92,202.09,103.91,160.22,1070.04,174.31,295.81,150.86,1076.11,151.57,290.23,1073.54,172,287.6,1085.89,1077.75,295.89,124.7,1039.16,135.77,259.99,1012.99,132.6,233.76,1035.69,1013.11,252.41,1016.33,107.12,225.44,1025.66,1020.23,230.72,963.61,935.13,168.62,952.03
71,90.4,155.55,158.5,172.73,306.13,157.17,172.85,165.8,310.09,180.53,175.45,304.49,204.45,308.94,311.24,125.78,137.36,138.91,276.56,122.87,126.39,248.78,151.29,249.13,260.04,137.02,119.27,252.55,156.89,265.62,255.25,86.91,180.38,171.98,198.37,110.17,169.81,166.12,178.06,1074.47,164.47,174.75,158.91,1083.15,182.85,181.92,1079.31,204.12,1074.09,1091.18,129.62,133.19,133.89,1039.59,117.86,133.48,1012.34,148.97,1000.4,1034.04,121.06,108.89,1015.57,138.35,1017.6,1023.46,86.4,938.81,959.58,973.54
72,87.59,151.31,152.21,168.61,304.2,155.88,168.25,165.77,310.73,173.98,171.67,303.72,196.77,306.64,309.67,123.89,133.49,136.99,277.09,118.47,122.15,249.33,144.48,249.49,258.5,133.35,118.14,254.7,151.93,266.32,256.44,79.11,180.58,170.88,195.23,110.3,161.38,157.9,174.73,1075.48,156.79,170.23,156.41,1084.26,177.77,175.3,1079.53,201,1074.7,1090.81,122.28,128.16,131.11,1041.19,112.9,127.2,1013.66,145.34,1001.27,1034.14,118.57,102.23,1015.78,137.29,1020.32,1022.54,89.84,949.24,962.82,979.61
73,87.62,155.59,148.7,172.72,303.14,162.77,166.57,171.81,311.97,173.85,178.57,303.29,198.66,305.38,310.64,130.12,132.09,142.31,278.09,117.43,127.13,247.47,145.39,247.73,257.97,136.91,127.82,257.91,156.77,268.86,260.31,80.9,177.54,168.48,195.72,113.49,170.98,173.28,173.63,1079.53,168.92,186.94,157.51,1090.72,192.97,181.89,1085.53,210.91,1079.52,1096.61,128.72,140.39,126.46,1043.34,123.66,128.09,1015.39,150.75,1003.04,1035.62,129.76,104.41,1019.01,142.8,1022.38,1025.19,92.95,942.96,964.12,978.49
74,83.11,145.7,141.76,158.31,292.86,154.17,161.2,156.6,303.5,165.25,168.64,293.68,189.72,294.71,303.96,125.22,130.66,131.45,273.34,116.4,125.18,245.21,144.66,244.65,259.29,131.59,119.22,251.6,149.67,262.01,255.5,84.86,175.33,176.82,201.27,113.93,162.43,166.42,176.48,1081.34,159.76,178.48,158.4,1092.84,180.94,179.33,1087.27,206.14,1081.66,1100.79,121.3,133.53,129.94,1046.34,113.29,128.16,1018.06,148.48,1005.97,1041.58,117.56,102.3,1021.79,137.36,1024.42,1029.9,89.54,950.11,974.05,984.78
75,93.84,152.91,154.87,161.04,297.87,158.46,172.63,153.65,307.16,175.33,173.19,298.7,198.51,298.94,310.89,125.02,136.22,126.47,271.49,118.38,125.47,242.49,147.83,239.76,260.94,131.48,113.41,247.11,147.99,256.6,252.63,90.62,171.23,184.1,204.74,117.1,163.19,146.16,173.51,1083.45,158.94,163.4,153.35,1095.64,175.47,175.51,1090.32,196.08,1083.29,1103.42,121.37,117.35,126.42,1048.63,106.28,125.45,1020.17,137.54,1004.67,1043.91,115.19,96.95,1024.03,130.53,1030.01,1031.86,95.54,967.54,979.48,1001.58
76,102.67,184.99,164.92,207.4,296.03,187.8,180.02,201.41,302.23,196.39,211.04,295.4,226.37,296.36,306.56,150.54,139.28,168.36,262.8,134.07,156.41,234.39,168.26,231.88,249.77,141.83,143.09,233.26,167.21,243.02,239.83,89.31,148.66,138.73,171.61,116.59,165.77,145.45,183.73,1087.53,160.32,160.41,164.91,1099.39,175.12,180.94,1095,199.98,1087.57,1107.95,123,114.57,136.5,1052.11,105.3,128.55,1023.73,139.06,1007.78,1045.59,114.19,103.66,1029.53,134.58,1033.98,1038.01,92.16,971.13,976.49,999.89
77,112.95,171.17,164.51,188.38,289.45,168.87,177.75,173.98,291.51,187.88,189.88,286.85,213.67,289.89,297.21,126.11,128.75,139.01,245.03,114.3,130.33,215.8,147.88,212.6,233.95,125.48,113.87,215.79,146.95,228.14,221.84,90.19,150.82,150.29,177.54,118.38,164.69,147.16,185.88,1089.26,160,161.69,165.07,1101.93,172.39,184.74,1096.46,202.22,1089.44,1112.62,124.1,117.97,139.76,1056.07,106.25,137.02,1028.18,146.67,1013.34,1054.93,109.43,104.86,1029.5,133.73,1033.88,1040.13,95.37,970.38,985.61,1005.76
78,114.38,173.66,164.55,190.45,314.61,172.03,179.42,176.71,316.31,189.84,191.8,311.17,215.17,315.19,319.56,131.23,132.3,143.27,272.16,118.19,133.82,242.48,150.87,240.19,258.23,128.64,115.66,239.76,149.21,253.96,243.39,90.9,175.43,169.52,199.7,117.78,161.92,144.99,179.67,290.69,158.73,161.37,159.1,283.92,169.33,180.75,281.29,197.53,290.23,286.26,127.55,122.84,138.45,252.36,110.46,139.75,229.38,149.19,230.98,244.88,108.52,100.87,204.3,129.88,225.47,202.42,95,166.31,156.94,192.26
79,114.86,174.37,174.3,185.62,325.45,173.3,189.76,171.87,326.69,195.53,188.76,321.05,217.53,326.33,328.09,136.29,146.36,142.21,286.7,128.84,135.82,257.76,158.21,256.65,272.16,134.84,112.61,249.54,151.52,264.97,251.26,91.39,182.29,179.72,207.45,121.35,162.95,146.73,182.62,292.05,159,163.46,161.19,285.18,170.39,181.45,282.14,199.49,290.94,287.58,127.77,124.3,140.46,253,110.69,140.17,229.42,150.29,230.3,245.37,107.96,99.28,203.09,130.07,224.64,201.55,95.12,166.39,156.63,191.77
80,116.21,175.62,180.72,186.04,319.38,172.84,193.83,170.2,318.56,198.92,188.53,313.92,220.26,320.5,320.28,134.46,148.48,140.09,277.29,127.75,132.61,246.84,157.37,246.44,261.47,137.17,113.08,242.32,153.72,257.82,243.9,91.92,173.04,172.37,198.6,119.83,162.18,146.08,184.71,291.52,157.03,160.83,163.31,284.83,168.9,182.11,281.87,199.82,289.62,288.26,125.14,121.06,141.59,251.41,109.41,140.66,228.72,150.5,228.59,245.28,104.54,99.64,202.42,129.37,222.18,202.72,94.17,165.22,156.49,190.17
81,118.83,180.92,186.97,193,322.66,177.58,198.97,177.33,320.71,203.63,193.69,316.35,225.24,323.37,321.72,138.89,153.25,146.42,279.43,131.06,135.93,248.22,160.44,248.2,261.36,140.03,117.24,243.24,157.09,258.56,244.06,89.18,169.93,167.12,192.6,112.45,161.59,144.89,181.59,286.53,158.54,158.87,164.47,284.31,171.33,183.79,281.13,200.52,286.92,289.91,116.44,110.44,131.94,240.05,103.25,131.61,217.23,142,216.68,235.57,105.83,103.09,203.6,130.51,220.09,207.88,93.5,160.58,155.23,188.11
82,105.64,175.72,180.35,186.7,315.45,169.18,187.45,169.11,310.46,195.61,186.53,307.61,216.6,314.97,312.49,139.63,150.58,147.43,278.54,131.61,137.75,248.58,160.48,248.62,261.33,140.94,122.37,245.8,158.76,259.49,247.5,87.14,167.6,164.89,190.37,114.4,166.14,151.27,181.09,285.83,165.2,167.9,164.2,288.27,177.75,185.05,282.07,203.58,285.66,293.63,127.86,124.04,136.62,247.41,109.14,132.73,216.48,144.73,213.54,237.8,120.47,110.55,213.62,140.12,228.26,218.99,94.32,155.42,157.16,187.62
83,93.72,162.29,163.26,168.19,294.92,157.42,172.35,149.93,290.45,179.11,171.96,285.84,199.4,294.1,291.57,143.16,150.94,144.46,274.46,130.63,139.44,242.79,159.71,243.89,257.31,142,123.45,240.6,157.69,255.66,241.73,90.85,162.17,163.51,191.08,110.63,162.08,149.42,179.63,278.35,161.56,167.37,164.24,283.67,177.71,182.35,277.04,204.85,278.95,290.83,125.03,124.19,136.66,242.73,109.16,129.41,210.72,145.25,205.99,233.47,124.91,111.82,213.85,146.13,227.58,221.72,97.76,154.47,156.38,186.8
84,83.37,142.7,138.98,151.33,275.31,144.12,155.19,139.4,277.34,160.21,157.45,269.43,182.31,276.52,277.23,133.24,138.48,135.59,264.66,121.56,131.7,234.8,150.74,236.06,249.67,133.81,115.8,232.86,149.62,248.92,234.38,91.43,164.75,163.25,193.1,100.31,164.93,141.66,188.36,285.12,167.17,156.99,176.96,290.73,173.49,194.79,283.99,206.87,285.26,299.32,131.89,117.58,149.5,252.85,107.7,140.94,219.73,148.89,216.87,242.87,126.88,133.39,229.18,154.43,239.41,238.68,97.75,158.18,158.77,191.25
85,78.52,138.97,133.32,149.77,273.45,140.16,149.02,139.06,276.4,157.49,156.41,269.51,180.84,275.34,278.71,126.05,129.72,131.26,260.24,119.23,129.65,234.38,148.89,235.02,249.89,128.47,112.48,230.87,146.22,246.02,234.47,92.64,168.18,165.53,196.24,101.89,171.27,160.18,188.12,295.82,175.38,175.89,179.04,302.14,185.08,198.64,294.91,215.45,296.78,308.35,136.28,133.62,146.86,261.18,119.42,143.08,230.56,156.73,229.27,250.94,133.53,132.4,235.28,157.64,245.59,242.47,93.66,154.77,162.07,188.68
86,79.45,144.97,138.13,156.73,278.74,144.09,151.44,144.52,280.23,162.97,162.6,274.62,187.03,280.18,284.23,128.3,130.1,135.33,262.11,121.94,133.71,236.81,152.6,236.82,253.02,130.49,116.75,233.53,149.83,247.74,238.42,94.22,168.44,165.67,196.96,106.23,175.54,163.68,198.74,305.19,177.04,178.66,189.09,310.04,189.96,202.35,303.73,221.73,305.64,315.34,138.22,135.48,156.28,268.58,123.65,146.4,239.14,161.42,236.68,256.76,133.9,132.02,239.26,160.52,250.28,245.73,92.63,162.83,160.23,189.01
87,78.6,146.66,137.99,157.16,279.04,145.68,151.12,144.84,280.51,163.25,163.39,274.56,186.61,279.85,284.31,132.29,132.13,137.98,264.77,124.58,136.86,239.15,154.49,238.84,255.43,132.48,119.3,235.39,151.03,249.18,240.32,93.98,167.62,165.19,196.77,110.53,181.24,176.98,188.3,312.29,179.6,187.03,174.06,312.39,194.76,196.13,307.88,216.11,311.48,315.62,140.38,142.85,142.96,270.92,125.79,140.23,241.62,155.25,240.25,257.47,132.81,122.96,238.69,149.66,249.01,241.93,83.95,156.73,163.99,186.86
88,78.07,143.34,134.14,155.1,275.66,143.48,148.97,143.73,278.47,159.87,161.09,271.59,184.13,276.32,282.04,131.69,131.77,138.07,264.27,124.6,137.35,239.31,154.98,238.63,255.9,130.48,117.03,233.18,149.36,247.19,238.26,94.28,167.87,165.39,196.95,110.65,178.76,182.77,192.41,310.66,175.82,192.08,177.7,309.53,198.6,196.01,305.89,222.99,310.92,313.23,134.99,145.62,144.78,266.35,126.79,137.76,237.37,159.1,236.77,252.62,135.63,122.58,235.76,156.17,247.41,239.24,87.54,156.83,160.46,182.82
89,76.54,136.9,130.49,153.18,270.13,139.41,148.11,144.31,275.73,156.57,158.66,267.75,183.89,271.79,279.5,126.56,130.45,136.87,260.47,122.24,134.53,235.8,154.96,235.04,252.97,129.09,114.9,230.64,150.44,244.99,236.43,96.2,168.42,165.74,196.63,107.79,173.89,175.82,191.91,309.91,171.48,185.89,176.73,307.47,192.41,196.06,304.28,221.54,311.05,311.34,133.14,142.11,146.82,267.76,125.48,143,241.42,163.03,242.75,256.91,131.02,123.3,234.46,155.82,248.27,237.18,92.41,162.35,164.07,188.95
90,77.71,134.98,129.59,153.68,268.64,140.24,150.11,147.14,277.15,156.1,158.85,267.24,184.82,270.87,279.46,126.63,132.09,138.67,261.16,119.68,131.98,232.84,153.54,232.06,250.21,132.81,118.05,233.96,154.87,248.44,239.53,96.9,168.84,165.65,196.23,111.05,170.64,172.04,185.15,307.8,166.86,181.13,168.27,302.99,187.52,188.3,301.06,212.99,308.94,305.55,125.88,134.13,136.48,261.13,116.76,132.76,235.45,151.42,237.32,249.14,122.96,112.97,227.74,144.51,242.48,228.31,87.59,163.59,163.08,188.23
91,78.99,136.35,130.87,154.15,268.83,140.81,150.22,147.04,276.48,157.28,159.89,267.7,185.29,271.19,279.7,123.62,128.83,135.13,256.96,117.56,129.64,229.85,150.84,229.14,247.13,129.79,115.41,230.38,151.51,244.56,236.08,95.72,167.15,164.46,194.63,116.92,168.24,158.67,184.36,299.53,161.56,168.25,161.73,292.09,178.89,185.15,290.8,205.67,299.45,296.2,120.57,119.31,133.11,249.87,104.84,131.42,223.48,144,224.18,241.25,112.84,107.21,214.45,136.05,231.41,216.28,93.68,164.34,161.99,192.78
92,80.7,139.73,133.06,155.54,270.62,142.75,151,147.39,276.88,159.73,161.43,269.26,186.08,272.73,280.67,123.6,127.49,133.62,255.34,118.6,130.04,230.11,150.33,229.22,246.9,127.54,112.89,227.36,148.1,241.38,232.98,94.23,165.86,162.76,193.18,117.51,161.78,150.31,181.02,287.02,153.9,160.65,156.25,279.18,170.58,179.08,277.52,199.19,285.83,284.46,116.06,113.95,131.54,239.32,100.19,130.68,213.97,141.93,213.41,234.04,105.47,100.85,201.07,130.32,218.73,204.25,95.12,159.04,157.46,188.48
93,82.2,141.63,134.87,157.31,272.44,143.36,151.91,147.64,277.58,160.92,162.05,270.26,187,274.02,281.39,125.66,129.17,135.73,257.21,119.56,131.54,231.28,151.44,229.99,248.2,128.38,113.63,228.19,148.85,242.22,233.71,94.23,165.86,162.76,193.18,111.29,160.73,144.51,174.19,277.66,155.17,157.1,153.6,272.7,169.99,176.41,270.04,194.22,277.48,277.78,119.38,113.68,128.67,234.82,106.17,131.09,211.76,141.26,211.56,230.36,107.66,99.4,195.7,127.73,213.66,199.28,93.59,154.05,149.59,183.43
94,80.86,140.78,136.23,156.88,271.9,139.64,150.39,144.21,274.13,159.62,159.35,267.83,185.79,272.64,278.35,125.93,130.54,137,257.45,119.89,132.25,231.28,152.55,229.94,248.29,128.46,114,227.93,149.6,241.89,233.41,94.16,165.02,162.44,192.09,110.67,158.86,140.87,171.2,278.34,151.38,152.8,148.83,272.02,166.03,170.36,269.15,188.07,276.58,276.01,122.14,114.91,130.19,240.17,106.86,130.44,216.02,139.49,214.78,233.47,107.89,97.17,198.8,125.63,216.97,201.36,90.92,157.86,150.55,185.01
95,78.09,139.22,135.04,152.46,269.44,133.19,144.46,134.76,266.41,156.32,153.68,262.36,180.91,269.14,272.03,123.56,127.3,132.94,253.77,119.88,132.58,230.44,152.29,229.7,247.92,124.36,109.94,222.47,145.1,237.17,228.27,95.47,164.58,162.74,193.41,115.03,154.65,137.27,168.68,271.4,147.55,149.09,143.53,263.46,158.51,166.7,260.98,181.68,268.51,266.76,117.42,110.3,126.1,231.48,95.52,125.07,204.8,131.4,203.67,223.28,101.22,93.8,190.74,119.04,208.53,191.17,87.81,151.64,148.03,179.27
96,80.68,143.01,136.02,150.92,268.84,139.38,147.99,134.85,267.34,160.11,157.19,262.68,182.17,269.87,272.26,126.27,128.21,129.63,251.84,121.94,133.56,228.78,151.88,229.31,246.25,125.68,109.26,219.05,143.18,235.17,224.07,96.91,161.91,161.02,193.52,118.75,152.2,1179.36,167.85,269.25,146,1194.15,144.43,262.73,1189.06,164.32,260.17,1204.15,1202.74,265.44,109.11,1145.66,119.4,223.43,1117.03,115.74,197.34,1143.98,1128.3,214.46,1125.69,86.19,184.68,1135.43,1136.64,184.59,1093.22,1072,144.93,1088.57
97,86.89,150.95,142.63,156.41,276.84,147.82,155.51,140.79,275.74,168.65,164.05,271.22,188.71,278.63,280.04,129.01,130.13,129.99,254.6,123.84,133.82,230.66,151.91,231.49,247.48,128.73,110.21,221.56,144.32,238.41,225.9,97.22,163.54,161.15,194.96,123.52,163.83,1179.36,174.45,273.06,155.74,1194.57,150.48,265.77,1190.87,171.83,263.25,1205.07,1203.36,268.73,117.57,1143.83,123.71,224.86,1117.98,122.89,200.18,1143.57,1127.72,217.05,1121.85,87.59,181.55,1131.57,1132.39,182.55,1086.75,1063.7,138.9,1084.16
98,94.73,161.41,156.95,164.15,290.19,150.03,161.91,141.23,281.12,178.97,166.51,280.16,195.73,290.84,285.87,126.04,128.26,127.6,254.48,124.56,132.11,232.75,151.68,233.77,248.82,127,106.68,221.16,142.58,238.51,225.68,97.47,167.17,162.56,197.25,118.61,158.67,1171.49,173.34,266.8,150.07,1186.92,148.92,258.82,1182.97,169.19,256.12,1198.93,1195.8,262.55,119.1,1142.74,129.02,225.21,1118.1,128.61,201.83,1145.14,1128.29,219.33,1118.75,89.41,179.05,1129.96,1129.55,180.74,1085.54,1062.16,137.57,1080.96
99,105.22,160.57,157.22,164.1,293.37,146.81,163.11,138.49,281.37,177.78,162.12,280.88,193.59,293.75,284.73,120.34,125.27,122.86,252.42,121.75,128.3,233.75,148.4,235.25,248.43,116.7,91.75,210.81,131.5,231.96,213.64,96.26,172.6,163.24,199.57,112.06,144.91,1169.21,1169.21,259.66,130.63,1175.73,1175.73,243.06,1172.52,1172.52,243.68,0,1187.28,1187.28,108.06,1137.55,1137.55,220.08,1113.55,1113.55,199.9,0,1127.9,1127.9,1110.67,1110.67,173.91,0,1122.71,1122.71,0,1066.47,1066.47,0
100,107.61,161.38,159.62,166.91,297.96,148.98,166.23,142.28,285.73,179.49,165.37,285.8,196.85,299.85,288.31,117.86,124.32,122.21,253.36,118.62,126.34,234.46,147.03,237.73,248.03,115.84,92.33,212.85,132.02,235.12,214.18,95.64,175.72,164.61,201.1,122.2,168.13,1175.37,1175.37,258.3,151.06,1177.57,1177.57,238.01,1176.2,1176.2,240.07,0,1187.54,1187.54,121.4,1132.67,1132.67,209.98,1112.79,1112.79,193.53,0,1125.76,1125.76,1098.54,1098.54,156.79,0,1108.29,1108.29,0,1044.53,1044.53,0