,precision,recall
0,0.18204546775975347,1.0
1,0.18340265979260648,0.9998403066113063
2,0.18475566572237961,0.9998403066113063
3,0.18600713012477718,0.9998403066113063
4,0.18739898234061658,0.9998403066113063
5,0.18880043423195222,0.9998403066113063
6,0.19029669260700388,0.9996806132226126
7,0.19175984071067545,0.9996806132226126
8,0.19301816387578252,0.9995209198339189
9,0.1944030314324761,0.9995209198339189
10,0.19556930383702037,0.9995209198339189
11,0.19712144116906022,0.9995209198339189
12,0.19854084060269628,0.9995209198339189
13,0.20000639100146994,0.9995209198339189
14,0.201047322260417,0.9993612264452252
15,0.2021709633649932,0.9993612264452252
16,0.2035121951219512,0.9993612264452252
17,0.20491159135559922,0.9993612264452252
18,0.20624196684573048,0.9993612264452252
19,0.2076930735787063,0.9993612264452252
20,0.20901803607214428,0.9993612264452252
21,0.21030345800988004,0.9993612264452252
22,0.2116047879894502,0.9993612264452252
23,0.21273413332426827,0.9993612264452252
24,0.21431506849315068,0.9993612264452252
25,0.21557752592235352,0.9993612264452252
26,0.21690004159157078,0.9993612264452252
27,0.21826171875,0.9993612264452252
28,0.21962518424931565,0.9993612264452252
29,0.2209199703463127,0.9993612264452252
30,0.22223011363636364,0.9993612264452252
31,0.22376372152894483,0.9993612264452252
32,0.2251322085117099,0.9993612264452252
33,0.22645196309028406,0.9993612264452252
34,0.22780386589494375,0.9993612264452252
35,0.22905457340507301,0.9993612264452252
36,0.2303021381518419,0.9993612264452252
37,0.23185506279871068,0.9993612264452252
38,0.23320290665176077,0.9993612264452252
39,0.2344698388909704,0.9993612264452252
40,0.23565295978309986,0.9993612264452252
41,0.23679430906614196,0.9993612264452252
42,0.23813691540774,0.9993612264452252
43,0.23939405531540492,0.9993612264452252
44,0.24060901995463108,0.9993612264452252
45,0.2418924664682463,0.9993612264452252
46,0.24308576755748912,0.9993612264452252
47,0.244443576422796,0.9993612264452252
48,0.24564295807819123,0.9993612264452252
49,0.24683469411903916,0.9993612264452252
50,0.24805771365149834,0.9993612264452252
51,0.24932270916334662,0.9993612264452252
52,0.25067093931504103,0.9993612264452252
53,0.2521455336637254,0.9993612264452252
54,0.25327829043224864,0.9993612264452252
55,0.254369563450126,0.9993612264452252
56,0.25548071034905084,0.9993612264452252
57,0.256664752686408,0.9993612264452252
58,0.2578810730621832,0.9993612264452252
59,0.25900173826669975,0.9993612264452252
60,0.2602836584452855,0.9993612264452252
61,0.26150181772596215,0.9993612264452252
62,0.26270937408169265,0.9993612264452252
63,0.26381687112684965,0.9993612264452252
64,0.2649337453960459,0.9993612264452252
65,0.2661053705829825,0.9993612264452252
66,0.26713907624007516,0.9993612264452252
67,0.2683418378285665,0.9993612264452252
68,0.26938476772721404,0.9992015330565315
69,0.27046770986426905,0.9992015330565315
70,0.27175990271021544,0.9992015330565315
71,0.2729691998952971,0.9992015330565315
72,0.27404941300157704,0.9990418396678378
73,0.2751506620331676,0.9988821462791441
74,0.27637857900318136,0.9988821462791441
75,0.27762982689747007,0.9988821462791441
76,0.27892976588628765,0.9988821462791441
77,0.2800161160354553,0.9988821462791441
78,0.281212066717619,0.9988821462791441
79,0.28239277652370204,0.9988821462791441
80,0.28345493270494404,0.9988821462791441
81,0.28440867548765514,0.9988821462791441
82,0.28568166248001825,0.9988821462791441
83,0.28690028437758003,0.9988821462791441
84,0.28795691004511553,0.9988821462791441
85,0.28900799334657856,0.9988821462791441
86,0.29018789144050106,0.9988821462791441
87,0.2913638904415875,0.9988821462791441
88,0.2923990276738968,0.9988821462791441
89,0.29346908135497796,0.9988821462791441
90,0.294546995667734,0.9988821462791441
91,0.2958146133837787,0.9988821462791441
92,0.29688167449807773,0.9988821462791441
93,0.2978287782115989,0.9988821462791441
94,0.29888188073394495,0.9988821462791441
95,0.30001438917933715,0.9988821462791441
96,0.3009671366020305,0.9988821462791441
97,0.30205717597063936,0.9988821462791441
98,0.3031698332687088,0.9988821462791441
99,0.3043647511070021,0.9988821462791441
100,0.30507730576013264,0.9988821462791441
101,0.3063173359451518,0.9988821462791441
102,0.30756748783006344,0.9988821462791441
103,0.30878214938046106,0.9988821462791441
104,0.3096994603158885,0.9988821462791441
105,0.3107302533532042,0.9988821462791441
106,0.31182688472277625,0.9987224528904504
107,0.3129973474801061,0.9987224528904504
108,0.31416084794293464,0.9987224528904504
109,0.3152535537856639,0.9987224528904504
110,0.3163058871130892,0.9987224528904504
111,0.31728476485211304,0.9987224528904504
112,0.3184966388266449,0.9987224528904504
113,0.31966877939071764,0.9987224528904504
114,0.3207489099769172,0.9985627595017567
115,0.3218881910841141,0.9985627595017567
116,0.32273384265950855,0.998403066113063
117,0.32377006732263075,0.998403066113063
118,0.324964915016373,0.998403066113063
119,0.32610056332151055,0.998403066113063
120,0.32720992306484536,0.998403066113063
121,0.32823986557445917,0.9982433727243692
122,0.3294161045531197,0.9982433727243692
123,0.3305134034790885,0.9982433727243692
124,0.33182928124004674,0.9982433727243692
125,0.33278321976149916,0.9982433727243692
126,0.3341708542713568,0.9982433727243692
127,0.3351023909081162,0.9982433727243692
128,0.3363646147223418,0.9982433727243692
129,0.337599913588248,0.9982433727243692
130,0.3386423966628745,0.9982433727243692
131,0.3399499673700239,0.9982433727243692
132,0.3409152893688976,0.9980836793356755
133,0.34210958454212054,0.9980836793356755
134,0.3431614780651183,0.9980836793356755
135,0.3444854764923111,0.9980836793356755
136,0.3455902681780481,0.9980836793356755
137,0.34652916389443333,0.9980836793356755
138,0.3477825385343053,0.9980836793356755
139,0.348597244687378,0.9980836793356755
140,0.34968947574553794,0.9980836793356755
141,0.3507098367095,0.9980836793356755
142,0.3519540488793783,0.9980836793356755
143,0.3529278897735615,0.9980836793356755
144,0.35396726510732285,0.9980836793356755
145,0.35511734954821844,0.9979239859469818
146,0.3562104543122613,0.9979239859469818
147,0.3573511751586893,0.9979239859469818
148,0.35839642119752235,0.9979239859469818
149,0.3595925883300725,0.9979239859469818
150,0.36056776873809937,0.9979239859469818
151,0.361694738669908,0.9979239859469818
152,0.3625551171965653,0.9979239859469818
153,0.36377925253230875,0.9979239859469818
154,0.36501168224299063,0.9979239859469818
155,0.3657594381035996,0.9979239859469818
156,0.3667899278041909,0.9979239859469818
157,0.36783233250912517,0.9977642925582881
158,0.3687658620079089,0.9977642925582881
159,0.3697041420118343,0.9977642925582881
160,0.37064720887465147,0.9977642925582881
161,0.3715730002973536,0.9977642925582881
162,0.3726367269040377,0.9977642925582881
163,0.3735724962630792,0.9977642925582881
164,0.37460279393248996,0.9977642925582881
165,0.37597785533758576,0.9977642925582881
166,0.37722634788383747,0.9977642925582881
167,0.37850608832616467,0.9977642925582881
168,0.37956381750804935,0.9977642925582881
169,0.3805115712545676,0.9977642925582881
170,0.38160386001343677,0.9977642925582881
171,0.3826321268908078,0.9977642925582881
172,0.38376950485317607,0.9976045991695944
173,0.3851180568398989,0.9976045991695944
174,0.3860700821951672,0.9976045991695944
175,0.3873147746295493,0.9976045991695944
176,0.38848115437243436,0.9974449057809007
177,0.38959580838323354,0.9974449057809007
178,0.390689525716431,0.9971255190035132
179,0.3917926836920374,0.9971255190035132
180,0.39275380551012706,0.9971255190035132
181,0.39371965445488366,0.9971255190035132
182,0.39466531824789836,0.9971255190035132
183,0.39554035221081973,0.9971255190035132
184,0.3967215197916005,0.9971255190035132
185,0.3978337050015929,0.9971255190035132
186,0.3991306571209409,0.9971255190035132
187,0.40015380671622663,0.9971255190035132
188,0.40115644073241247,0.9971255190035132
189,0.40228107481152137,0.9969658256148195
190,0.40324247513241185,0.9969658256148195
191,0.404208481709291,0.9969658256148195
192,0.4051265412070084,0.9969658256148195
193,0.40615444668531653,0.9969658256148195
194,0.4070548347134381,0.9969658256148195
195,0.40835949764521196,0.9969658256148195
196,0.4092160461457787,0.9969658256148195
197,0.4104266649135494,0.9969658256148195
198,0.41126482213438736,0.9969658256148195
199,0.41223088099326377,0.9968061322261258
200,0.4134207737148914,0.9966464388374321
201,0.41435400345239676,0.9966464388374321
202,0.4154573292504327,0.9966464388374321
203,0.416427570561153,0.9966464388374321
204,0.41748611947287445,0.9966464388374321
205,0.41843781428092525,0.9966464388374321
206,0.4193374991601156,0.9966464388374321
207,0.4207510281129913,0.9966464388374321
208,0.42200283994861043,0.9966464388374321
209,0.4231760238676431,0.9966464388374321
210,0.4240097832733202,0.9966464388374321
211,0.4248655273371008,0.9964867454487384
212,0.42602580733255957,0.9964867454487384
213,0.42695860417379405,0.9964867454487384
214,0.42783681864929723,0.9964867454487384
215,0.42867940085199946,0.9963270520600447
216,0.42997932460372157,0.9963270520600447
217,0.4307809155561693,0.9963270520600447
218,0.431914157147802,0.9963270520600447
219,0.43277369224365203,0.996167358671351
220,0.43415924276169265,0.996167358671351
221,0.43524979067820263,0.996167358671351
222,0.43607130373995107,0.996167358671351
223,0.43692652518036,0.996167358671351
224,0.438061797752809,0.996167358671351
225,0.43904842342342343,0.996167358671351
226,0.4399153737658674,0.996167358671351
227,0.44091037602487987,0.996167358671351
228,0.44194119730782855,0.996167358671351
229,0.44300830906895816,0.996167358671351
230,0.4438593994592287,0.996167358671351
231,0.44455530216647665,0.996167358671351
232,0.4457943257342957,0.996167358671351
233,0.4465922107674685,0.996167358671351
234,0.4474496018365736,0.9960076652826573
235,0.4484395225082698,0.9958479718939636
236,0.44931191007997695,0.9958479718939636
237,0.45025270758122743,0.9958479718939636
238,0.45102719907407407,0.9956882785052699
239,0.4520339351751142,0.9955285851165762
240,0.45301940265969043,0.9955285851165762
241,0.45400917631636445,0.9955285851165762
242,0.45490367775831875,0.9955285851165762
243,0.45566196359382993,0.9953688917278825
244,0.4564962648308188,0.9953688917278825
245,0.45713237990465716,0.9953688917278825
246,0.45800573150121243,0.9953688917278825
247,0.45898379970544917,0.9953688917278825
248,0.4597964001180289,0.9953688917278825
249,0.46071402173109616,0.9953688917278825
250,0.46160112567577577,0.9953688917278825
251,0.46256029684601113,0.9953688917278825
252,0.4636268967569176,0.9953688917278825
253,0.4645252645699806,0.9953688917278825
254,0.4651839689529069,0.9953688917278825
255,0.4660535367130253,0.9953688917278825
256,0.46695639142814327,0.9952091983391887
257,0.4677976279837862,0.9952091983391887
258,0.4685667017596631,0.995049504950495
259,0.4695200060281817,0.995049504950495
260,0.470619335347432,0.995049504950495
261,0.47136697178303955,0.995049504950495
262,0.47218854198241894,0.995049504950495
263,0.47330041777440185,0.995049504950495
264,0.4740566037735849,0.995049504950495
265,0.4749923757243062,0.9948898115618013
266,0.47604493008328874,0.9948898115618013
267,0.47666411629686306,0.9948898115618013
268,0.47790733353789505,0.9948898115618013
269,0.4791939081609107,0.9948898115618013
270,0.47985827620734806,0.9948898115618013
271,0.48067278759354987,0.9948898115618013
272,0.48156165442597604,0.9947301181731076
273,0.48256894948868917,0.9947301181731076
274,0.4832803165489953,0.9947301181731076
275,0.4841066293619336,0.9947301181731076
276,0.4848225404732254,0.9947301181731076
277,0.48584353794555807,0.9947301181731076
278,0.486640625,0.9947301181731076
279,0.48763112572412715,0.9947301181731076
280,0.48866399937240135,0.9947301181731076
281,0.4893148962916405,0.9945704247844139
282,0.4900818639798489,0.9942510380070265
283,0.4906210592686003,0.9940913446183328
284,0.4917825537294564,0.9939316512296391
285,0.4925597593794523,0.9937719578409454
286,0.49337984619043845,0.9937719578409454
287,0.4945168467895741,0.9937719578409454
288,0.4955005176395636,0.9936122644522517
289,0.49672680823886317,0.9936122644522517
290,0.49752118982888216,0.9936122644522517
291,0.49859764404199053,0.9936122644522517
292,0.49959852256303194,0.9936122644522517
293,0.500603524583568,0.993452571063558
294,0.5015317639471139,0.993452571063558
295,0.5019778800355211,0.9929734908974769
296,0.5028307990941443,0.9928137975087832
297,0.5040538349278417,0.9928137975087832
298,0.5047495331655436,0.9928137975087832
299,0.5058172646652022,0.9928137975087832
300,0.5064765784114053,0.9928137975087832
301,0.5072203638737048,0.9928137975087832
302,0.5079248366013072,0.9928137975087832
303,0.5088394172532329,0.9928137975087832
304,0.5098425196850394,0.9926541041200895
305,0.5106802497535327,0.9926541041200895
306,0.511144008553335,0.9924944107313958
307,0.5118596606819305,0.9924944107313958
308,0.5130004127115146,0.9924944107313958
309,0.513848697809012,0.9924944107313958
310,0.514529348455998,0.9924944107313958
311,0.5150435142975549,0.9923347173427021
312,0.5156846473029045,0.9923347173427021
313,0.5166708239793797,0.9923347173427021
314,0.5177039073564942,0.9923347173427021
315,0.5182219998332083,0.9923347173427021
316,0.5188340432640107,0.9920153305653145
317,0.5197456492637216,0.9920153305653145
318,0.5209224318658281,0.9920153305653145
319,0.5218048903453492,0.9916959437879271
320,0.5226392863154351,0.9916959437879271
321,0.5235244519392918,0.9915362503992334
322,0.5245901639344263,0.9913765570105397
323,0.5258343215314247,0.9913765570105397
324,0.5268652915711739,0.991216863621846
325,0.5276762180086727,0.9910571702331523
326,0.528395061728395,0.9910571702331523
327,0.5292061055683466,0.9910571702331523
328,0.5299342386198651,0.9908974768444586
329,0.530750149687794,0.9908974768444586
330,0.5318875364306532,0.9908974768444586
331,0.5330756013745704,0.9908974768444586
332,0.5342689857069055,0.9908974768444586
333,0.5355200690548123,0.9907377834557649
334,0.5362143474503025,0.9907377834557649
335,0.5371428571428571,0.9907377834557649
336,0.5378879833535634,0.9907377834557649
337,0.5385951202570114,0.9905780900670712
338,0.5393913043478261,0.9905780900670712
339,0.5399146861669714,0.9904183966783775
340,0.5407762756214566,0.9900990099009901
341,0.5418159573538408,0.9900990099009901
342,0.5425345702783126,0.9899393165122964
343,0.5434858846221287,0.9899393165122964
344,0.5444883618796662,0.9899393165122964
345,0.545062868196606,0.9899393165122964
346,0.5462236714550102,0.9897796231236027
347,0.5469067160886065,0.989619929734909
348,0.5474865270783638,0.989619929734909
349,0.5482215537073084,0.9894602363462153
350,0.5486584609935358,0.9894602363462153
351,0.5491534438436309,0.9893005429575216
352,0.5499911205824898,0.9891408495688279
353,0.5511166473885577,0.9891408495688279
354,0.5519515237925503,0.9891408495688279
355,0.5528970627622534,0.9889811561801342
356,0.5537869981221497,0.9889811561801342
357,0.5546399140093157,0.9888214627914405
358,0.5558348294434471,0.9888214627914405
359,0.5563842214035403,0.9888214627914405
360,0.5569950517318938,0.9886617694027467
361,0.5576975047293037,0.9886617694027467
362,0.558603266263647,0.9886617694027467
363,0.5594614133381529,0.9886617694027467
364,0.5605251244907198,0.9886617694027467
365,0.5613382899628253,0.9886617694027467
366,0.562051747616886,0.9886617694027467
367,0.563022917424518,0.9886617694027467
368,0.5635867091488393,0.9886617694027467
369,0.5644602479941648,0.9886617694027467
370,0.56483255771512,0.988502076014053
371,0.5655033802302211,0.988502076014053
372,0.5666025817083219,0.9883423826253593
373,0.5673024023473318,0.9880229958479719
374,0.5683968764354617,0.9880229958479719
375,0.5696528864745419,0.9880229958479719
376,0.5701778637913556,0.9880229958479719
377,0.5712834718374885,0.9880229958479719
378,0.5721949865877347,0.9878633024592782
379,0.5732554906866834,0.9878633024592782
380,0.5742133110554163,0.9878633024592782
381,0.5749744352514642,0.9877036090705845
382,0.5757237270780974,0.9877036090705845
383,0.5764749743685339,0.9877036090705845
384,0.5774976657329598,0.9877036090705845
385,0.5781454477472425,0.9877036090705845
386,0.5788636150893943,0.9875439156818908
387,0.5796924807800488,0.9873842222931971
388,0.5805633802816902,0.9873842222931971
389,0.5815462753950339,0.9873842222931971
390,0.5826422917451941,0.9873842222931971
391,0.5836480362537765,0.9872245289045034
392,0.5841995841995842,0.9872245289045034
393,0.5850288634427936,0.9872245289045034
394,0.5859160269168799,0.9872245289045034
395,0.5864718717389242,0.9872245289045034
396,0.5869173075097314,0.9872245289045034
397,0.587698450423044,0.9872245289045034
398,0.5884816753926702,0.9872245289045034
399,0.5889301705249119,0.9872245289045034
400,0.589829214769583,0.9872245289045034
401,0.5905617118838364,0.9872245289045034
402,0.5914657481821661,0.9872245289045034
403,0.5922767343809889,0.9870648355158096
404,0.5930723469583573,0.9870648355158096
405,0.5936779400461184,0.9867454487384222
406,0.5941346153846154,0.9867454487384222
407,0.5951073870750265,0.9867454487384222
408,0.5958719135802469,0.9865857553497285
409,0.5963896128969978,0.9865857553497285
410,0.5971967133881102,0.9865857553497285
411,0.5978323979098122,0.9865857553497285
412,0.5983725661145016,0.9864260619610348
413,0.599185177999806,0.9864260619610348
414,0.5998252087784036,0.9864260619610348
415,0.6011093810821331,0.9864260619610348
416,0.6017535314174379,0.9864260619610348
417,0.6027129891675612,0.9862663685723411
418,0.6031839046781913,0.9862663685723411
419,0.6037348455220962,0.9861066751836474
420,0.6040117416829746,0.98578728840626
421,0.6046830606446556,0.9856275950175662
422,0.6055729984301413,0.9856275950175662
423,0.6059297074415865,0.9856275950175662
424,0.6067040204462794,0.9856275950175662
425,0.6073607557567408,0.9856275950175662
426,0.608160047304622,0.9854679016288725
427,0.608820047355959,0.9854679016288725
428,0.609541683129198,0.9854679016288725
429,0.6102046870364877,0.9854679016288725
430,0.6108910891089109,0.9853082082401788
431,0.6114965312190287,0.9853082082401788
432,0.6122469233822946,0.9851485148514851
433,0.6132816383338304,0.9851485148514851
434,0.6143810377452446,0.9851485148514851
435,0.614993520087728,0.9851485148514851
436,0.6156686626746507,0.9851485148514851
437,0.6161838161838162,0.9849888214627914
438,0.6167850355106532,0.984669434685404
439,0.6176500050085145,0.984669434685404
440,0.6183788121990369,0.9843500479080166
441,0.6189615345987747,0.9841903545193229
442,0.6195936431301549,0.9837112743532418
443,0.6201792367334609,0.9835515809645481
444,0.620741785930256,0.9835515809645481
445,0.6215561610656979,0.9835515809645481
446,0.6223097908457108,0.9835515809645481
447,0.622876213592233,0.9835515809645481
448,0.6230652503793627,0.9835515809645481
449,0.6236962025316456,0.9835515809645481
450,0.6246069581093417,0.9833918875758544
451,0.6251142016038981,0.9833918875758544
452,0.6256478000203232,0.9832321941871607
453,0.6267942583732058,0.9832321941871607
454,0.6275609010294567,0.9832321941871607
455,0.6286501939963243,0.9832321941871607
456,0.6296788709347515,0.9832321941871607
457,0.6301566178728631,0.983072500798467
458,0.6308938089380893,0.9829128074097733
459,0.6312820512820513,0.9829128074097733
460,0.6318816762530813,0.9824337272436922
461,0.632661456190868,0.9824337272436922
462,0.6330143048265926,0.9822740338549985
463,0.633470648815654,0.9822740338549985
464,0.6342444559051057,0.9819546470776109
465,0.6347682461030246,0.9819546470776109
466,0.635283174865647,0.9816352603002235
467,0.6358746250129306,0.9816352603002235
468,0.636655615416494,0.9813158735228361
469,0.637410519763461,0.9811561801341424
470,0.6381387619443291,0.9811561801341424
471,0.6385654885654886,0.9809964867454487
472,0.6396293211162016,0.9809964867454487
473,0.6403627645157928,0.9809964867454487
474,0.6409641068447413,0.9809964867454487
475,0.6415291414246919,0.980836793356755
476,0.6422968308754314,0.9806770999680613
477,0.6431039899465912,0.9806770999680613
478,0.6434709704464473,0.9805174065793676
479,0.6437408261690082,0.9805174065793676
480,0.644311502938707,0.9803577131906739
481,0.6448529411764706,0.9803577131906739
482,0.6455310199789696,0.9803577131906739
483,0.6462413139608338,0.9801980198019802
484,0.647089835512442,0.9800383264132865
485,0.6476672999788896,0.9798786330245928
486,0.648414376321353,0.9795592462472054
487,0.648994708994709,0.9793995528585117
488,0.6494070309191021,0.9793995528585117
489,0.6504401315091738,0.9793995528585117
490,0.6508492569002123,0.9790801660811242
491,0.6514716820741685,0.9790801660811242
492,0.6522664396680145,0.9789204726924305
493,0.6530960247255675,0.9786010859150431
494,0.6537230637934713,0.9786010859150431
495,0.654770808847099,0.9786010859150431
496,0.6556114261260297,0.9786010859150431
497,0.65610278372591,0.9786010859150431
498,0.6564141035258815,0.978122005748962
499,0.6571888412017167,0.978122005748962
500,0.6578947368421053,0.978122005748962
501,0.6580360979802321,0.978122005748962
502,0.6586021505376344,0.978122005748962
503,0.6592744105931747,0.9779623123602683
504,0.6600194028241888,0.9778026189715746
505,0.6606950140297864,0.9776429255828809
506,0.6613722312263641,0.9774832321941872
507,0.6624093516614352,0.9773235388054935
508,0.6631624580036848,0.9771638454167998
509,0.6640616520134592,0.9770041520281061
510,0.6642779587404994,0.9770041520281061
511,0.6648554662029994,0.9770041520281061
512,0.665252854812398,0.9768444586394124
513,0.6659771366358193,0.9768444586394124
514,0.6665213600697472,0.9766847652507186
515,0.6675764192139738,0.9765250718620249
516,0.6681609446752679,0.97588629830725
517,0.6686733800350263,0.9755669115298626
518,0.6691861101982692,0.9755669115298626
519,0.6698837464356219,0.9754072181411689
520,0.6708777326156212,0.9752475247524752
521,0.6713217506047944,0.9749281379750878
522,0.6719867914144194,0.9749281379750878
523,0.6726912056424951,0.9747684445863941
524,0.6730641958967571,0.9744490578090067
525,0.673437844998896,0.9741296710316193
526,0.6741461257875538,0.9739699776429256
527,0.6751550044286979,0.9738102842542319
528,0.675603811212054,0.9738102842542319
529,0.676167239658423,0.9736505908655382
530,0.6766207815275311,0.9733312040881508
531,0.6775628196575495,0.9731715106994571
532,0.6783170080142475,0.9731715106994571
533,0.6787743732590529,0.9728521239220697
534,0.679348432444494,0.9723730437559885
535,0.6803351955307263,0.9723730437559885
536,0.6810701891861637,0.9715745768125199
537,0.6814516129032258,0.9715745768125199
538,0.6815686274509803,0.9714148834238262
539,0.6821444593988335,0.9712551900351325
540,0.6830637915543576,0.9712551900351325
541,0.6837549184935356,0.9712551900351325
542,0.6844889689329131,0.9710954966464388
543,0.6851121379465795,0.9707761098690514
544,0.6852728912945422,0.970456723091664
545,0.685940146809712,0.9699776429255829
546,0.6865604159602126,0.9699776429255829
547,0.687344351369708,0.9696582561481955
548,0.6882439632694706,0.9694985627595017
549,0.688833408987744,0.969338869370808
550,0.6896238208887373,0.9690194825934206
551,0.6905656082849664,0.9690194825934206
552,0.6914311759343664,0.9690194825934206
553,0.6925799086757991,0.9688597892047269
554,0.6933805876300446,0.9685404024273395
555,0.6941391941391941,0.9683807090386458
556,0.6945812807881774,0.9682210156499521
557,0.6953429685707732,0.9680613222612584
558,0.6963465073529411,0.9679016288725647
559,0.6968268567486778,0.9679016288725647
560,0.6973638770576723,0.9674225487064836
561,0.6978110599078341,0.9672628553177899
562,0.6983742649602214,0.9672628553177899
563,0.699064989033822,0.9671031619290962
564,0.6995608966951699,0.9667837751517088
565,0.7002081887578071,0.9667837751517088
566,0.7009378256339006,0.9667837751517088
567,0.7014371812702828,0.9664643883743212
568,0.7019721577726218,0.9663046949856275
569,0.7025081281932187,0.9661450015969338
570,0.7028817104345805,0.9659853082082401
571,0.7037468000930882,0.9658256148195464
572,0.7044025157232704,0.9658256148195464
573,0.7045322148432949,0.9656659214308527
574,0.7052373731482562,0.965506228042159
575,0.7059922906202546,0.9651868412647716
576,0.706700970646708,0.9650271478760779
577,0.7072799625468165,0.9650271478760779
578,0.7083235638921453,0.9648674544873842
579,0.7089885003520301,0.9648674544873842
580,0.709037558685446,0.9647077610986905
581,0.7095674659144334,0.9640689875439157
582,0.7103683653054019,0.963909294155222
583,0.7110534998821588,0.9635899073778346
584,0.7115225852105201,0.9634302139891409
585,0.7125310027164284,0.9634302139891409
586,0.7130362841271717,0.9634302139891409
587,0.7135928072873536,0.9632705206004472
588,0.7140996803598911,0.9632705206004472
589,0.7142857142857143,0.9629511338230597
590,0.7148446763101731,0.962791440434366
591,0.7154046997389034,0.9626317470456723
592,0.7161359315589354,0.9624720536569786
593,0.716698382492864,0.9623123602682849
594,0.717432722076685,0.9621526668795912
595,0.7182208442642499,0.9618332801022038
596,0.7191306424647719,0.9616735867135101
597,0.7196652719665272,0.9613541999361227
598,0.7199760765550239,0.9611945065474289
599,0.7203734737850132,0.9610348131587352
600,0.7210639827462257,0.9610348131587352
601,0.7214962234744036,0.9610348131587352
602,0.721602494902243,0.9607154263813478
603,0.7221221942143801,0.9607154263813478
604,0.7224891878904373,0.9603960396039604
605,0.7228567993266803,0.960076652826573
606,0.7234862164439629,0.9597572660491855
607,0.7241836365827208,0.9597572660491855
608,0.7246079613992762,0.9592781858831044
609,0.7252747252747253,0.9591184924944107
610,0.7257129047849202,0.9591184924944107
611,0.7264367816091954,0.9587991057170233
612,0.7270525550980868,0.9587991057170233
613,0.7272176442074648,0.9583200255509422
614,0.7277912621359224,0.9576812519961674
615,0.7284655570404568,0.9575215586074737
616,0.7289640077821011,0.95736186521878
617,0.7294303797468354,0.9570424784413926
618,0.7298416565164434,0.9568827850526989
619,0.7302767955127424,0.9564037048866177
620,0.73095703125,0.956244011497924
621,0.7316387632897471,0.9560843181092302
622,0.7322324159021407,0.9559246247205365
623,0.7323133414932681,0.9554455445544554
624,0.7323374556140566,0.955126157777068
625,0.7329002206423143,0.9548067709996806
626,0.7332842596000491,0.9544873842222932
627,0.7335461689587426,0.9540083040562121
628,0.7338164844613684,0.9540083040562121
629,0.7341445427728613,0.9538486106675184
630,0.7349575489110373,0.9538486106675184
631,0.7354353984480847,0.953529223890131
632,0.736037479965479,0.9533695305014372
633,0.7370306324110671,0.9528904503353561
634,0.7373625015449264,0.9527307569466624
635,0.7378772884710539,0.9525710635579687
636,0.7385758513931888,0.952411370169275
637,0.7390011153798488,0.9522516767805813
638,0.7395135269297592,0.9516129032258065
639,0.7401838966202783,0.9512935164484191
640,0.7406440382941688,0.9512935164484191
641,0.7408282551921402,0.9512935164484191
642,0.7410080896079652,0.9508144362823379
643,0.7415618383360318,0.9508144362823379
644,0.7418671319955129,0.9504950495049505
645,0.7422371866816311,0.9504950495049505
646,0.7426681642331212,0.9503353561162567
647,0.7431926055458407,0.950175662727563
648,0.7435929491186398,0.9498562759501756
649,0.7439329497122842,0.9496965825614819
650,0.7446462116468379,0.9495368891727882
651,0.7450488844321885,0.9492175023954008
652,0.7458563535911602,0.948578728840626
653,0.7465125047128315,0.948578728840626
654,0.747294236093632,0.9482593420632386
655,0.7482041587901701,0.9480996486745449
656,0.7492111573898775,0.9479399552858512
657,0.7497473471450228,0.9477802618971575
658,0.7504742633109902,0.9476205685084638
659,0.7510126582278481,0.9474608751197701
660,0.7513931104356636,0.9474608751197701
661,0.7516157647953364,0.9471414883423827
662,0.7519025875190258,0.9466624081763015
663,0.7520304568527919,0.9463430213989141
664,0.7523809523809524,0.9461833280102204
665,0.7532418001525553,0.9461833280102204
666,0.7539460285132383,0.9458639412328329
667,0.7542988154375239,0.9457042478441392
668,0.7543993879112472,0.944746087511977
669,0.7549457562220804,0.9445863941232833
670,0.7554931016862545,0.9444267007345896
671,0.7559759682986067,0.9444267007345896
672,0.7566218809980806,0.9442670073458959
673,0.7570093457943925,0.9442670073458959
674,0.7574631646380525,0.9441073139572022
675,0.7582403488521227,0.9441073139572022
676,0.7586959312026698,0.9439476205685084
677,0.7591878694423028,0.9434685404024273
678,0.7595782977629211,0.9434685404024273
679,0.7596809468673614,0.9429894602363462
680,0.7603348358016742,0.9428297668476525
681,0.7609900734820162,0.9426700734589588
682,0.7613519091847265,0.9425103800702651
683,0.7617817947062621,0.9421909932928777
684,0.7624773726402896,0.9417119131267966
685,0.7627798628186877,0.9412328329607155
686,0.7633726201269265,0.9412328329607155
687,0.7645303580695382,0.9410731395720218
688,0.7648280337443218,0.9410731395720218
689,0.7654930492399636,0.9409134461833281
690,0.7662591050988553,0.9407537527946344
691,0.7667577769100612,0.9407537527946344
692,0.7670269566349786,0.9405940594059405
693,0.767826880458871,0.9405940594059405
694,0.768066788416384,0.9402746726285531
695,0.7684073107049608,0.9399552858511657
696,0.7686479425212279,0.9396358990737783
697,0.7690899581589958,0.9393165122963909
698,0.7696335078534031,0.9389971255190035
699,0.7696437925615506,0.9385180453529224
700,0.7697851153039832,0.938198658575535
701,0.7705627705627706,0.9380389651868413
702,0.7708661417322835,0.9380389651868413
703,0.7714435833442795,0.9378792717981476
704,0.7717591375230082,0.9374001916320664
705,0.7723684210526316,0.9374001916320664
706,0.7726135615536537,0.937080804854679
707,0.7728170683524299,0.937080804854679
708,0.7732244037422585,0.937080804854679
709,0.7741424802110818,0.937080804854679
710,0.7745641838351822,0.9366017246885979
711,0.7751620156064013,0.9359629511338231
712,0.7758506553687277,0.9358032577451294
713,0.7763192787059136,0.9350047908016608
714,0.7771140315943184,0.9348450974129671
715,0.7776006377042647,0.9346854040242734
716,0.7782209812524931,0.9346854040242734
717,0.7786350937874152,0.9346854040242734
718,0.778709248170326,0.9345257106355797
719,0.7789613848202397,0.9342063238581922
720,0.7791100452970957,0.9338869370808048
721,0.7796,0.9337272436921111
722,0.779986657771848,0.9335675503034174
723,0.7806865233070656,0.9334078569147237
724,0.7811956667112478,0.9327690833599489
725,0.781630740393627,0.9322900031938678
726,0.7817524115755627,0.9318109230277867
727,0.7823521523400832,0.931651229639093
728,0.7829530201342282,0.9314915362503993
729,0.7833333333333333,0.9306930693069307
730,0.7836493209627537,0.9306930693069307
731,0.7842530282637954,0.930533375918237
732,0.7846464646464646,0.9303736825295432
733,0.7849056603773585,0.9300542957521558
734,0.7851362287564068,0.9295752155860747
735,0.78531912022669,0.929415522197381
736,0.7857914640734738,0.9290961354199936
737,0.7861584211949175,0.9287767486426062
738,0.7869029901231227,0.9287767486426062
739,0.7872138697006636,0.9281379750878314
740,0.7874474718720347,0.9276588949217502
741,0.7882448757974753,0.9273395081443628
742,0.7886730952057586,0.9273395081443628
743,0.7889583899918412,0.9265410412008943
744,0.7896528250510552,0.9262216544235069
745,0.7898896307398828,0.9257425742574258
746,0.7902631937815355,0.9254231874800384
747,0.7905866302864939,0.9254231874800384
748,0.791018291018291,0.9254231874800384
749,0.7912853435323043,0.9251038007026509
750,0.7919343814080656,0.9251038007026509
751,0.7923108496374333,0.9247844139252634
752,0.7928767123287671,0.9243053337591823
753,0.7930372807017544,0.9239859469817949
754,0.7932547299149987,0.9239859469817949
755,0.7934722984092156,0.9239859469817949
756,0.7942590303529735,0.9235068668157138
757,0.7947201979925753,0.9230277866496327
758,0.7948823772183244,0.9227083998722453
759,0.7950447350309704,0.9223890130948579
760,0.7958367797077475,0.9219099329287768
761,0.7961379310344827,0.9217502395400831
762,0.7961634004968259,0.921271159374002
763,0.7967389802404311,0.9207920792079208
764,0.7973440309863051,0.9204726924305334
765,0.7973702422145329,0.9199936122644522
766,0.7981435300637295,0.9199936122644522
767,0.7988075429839157,0.9199936122644522
768,0.7992229776606078,0.9198339188757585
769,0.7998611111111111,0.9196742254870648
770,0.8002224384818574,0.9191951453209837
771,0.8008633895000696,0.9183966783775152
772,0.8013106525376464,0.9177579048227403
773,0.801814375436148,0.9174385180453529
774,0.8020106115610165,0.9172788246566592
775,0.8021517395556798,0.9167997444905781
776,0.8025174825174826,0.916320664324497
777,0.8026868178001679,0.9160012775471096
778,0.8031088082901554,0.9158415841584159
779,0.8032212885154062,0.9158415841584159
780,0.8039545645771982,0.9155221973810285
781,0.8039848463589168,0.9150431172149474
782,0.8043539325842697,0.9145640370488661
783,0.8047786366830639,0.9144043436601724
784,0.8051181102362205,0.9144043436601724
785,0.806056338028169,0.9139252634940913
786,0.8062288613303269,0.9136058767167039
787,0.8065153010858835,0.9132864899393165
788,0.8068294059545646,0.9131267965506228
789,0.8074314778185928,0.9126477163845417
790,0.8076325088339222,0.912488022995848
791,0.8076977501061271,0.9115298626636857
792,0.8078720090613054,0.9112104758862983
793,0.8083026353074525,0.9110507824976046
794,0.8086463501063076,0.9110507824976046
795,0.8087609866742274,0.9110507824976046
796,0.8091050914763863,0.9110507824976046
797,0.8101391650099403,0.9110507824976046
798,0.8103423781787186,0.9108910891089109
799,0.8106954913952497,0.9102523155541361
800,0.8109877597495019,0.9099329287767487
801,0.8114497294218171,0.9099329287767487
802,0.8119122257053292,0.9099329287767487
803,0.8127853881278538,0.9096135419993612
804,0.8129373125803228,0.9091344618332801
805,0.8132590370052865,0.9089747684445864
806,0.8137871853546911,0.908655381667199
807,0.8138236977676016,0.9081763015011178
808,0.8140401146131805,0.9073778345576493
809,0.8139068100358423,0.9065793676141808
810,0.8137733142037302,0.9057809006707123
811,0.8139267767408471,0.9053018205046311
812,0.8140270192584076,0.9045033535611625
813,0.8145056842711181,0.9038645800063877
814,0.8149748020158387,0.9038645800063877
815,0.8150122460740528,0.9033854998403066
816,0.8152847873107426,0.9029064196742255
817,0.815937635339974,0.9025870328968381
818,0.8165270153134933,0.9025870328968381
819,0.8170114277448286,0.9019482593420632
820,0.817458019687319,0.9017885659533695
821,0.8177603940315805,0.9014691791759821
822,0.8185904872389791,0.9014691791759821
823,0.8189605110336817,0.9008304056212073
824,0.8190531513215219,0.9006707122325136
825,0.8194767441860465,0.9003513254551262
826,0.8201396973224679,0.9000319386777388
827,0.8202328966521106,0.8998722452890451
828,0.8205539358600583,0.8989140849568827
829,0.8208606856309263,0.8985946981794953
830,0.821021897810219,0.8981156180134142
831,0.8213711445695073,0.8973171510699457
832,0.8213345039508341,0.8963589907377835
833,0.8214965587933811,0.8958799105717024
834,0.8218736255680985,0.8952411370169275
835,0.8221570066030814,0.8947620568508464
836,0.8224408870612425,0.8942829766847652
837,0.8229672107043082,0.8938038965186841
838,0.8234687868080094,0.8931651229639093
839,0.8236853733981441,0.8930054295752156
840,0.8239716939407342,0.8925263494091344
841,0.82443198583653,0.8923666560204407
842,0.8246494464944649,0.892206962631747
843,0.8252326783867632,0.8920472692430533
844,0.8256948551153164,0.8918875758543596
845,0.8262028127313101,0.8912488022995848
846,0.8264218009478673,0.8910891089108911
847,0.8268346923647146,0.89061002874481
848,0.8271256863036058,0.8901309485787289
849,0.8278116178873867,0.8898115618013415
850,0.8279553903345724,0.8891727882465665
851,0.8280273728057126,0.8888534014691791
852,0.8282482512278613,0.8886937080804854
853,0.8288140643623361,0.888374321303098
854,0.8288610614192009,0.8878952411370169
855,0.829082774049217,0.8877355477483232
856,0.8293520453866826,0.8870967741935484
857,0.829920789119713,0.886777387416161
858,0.8302422973377206,0.8864580006387736
859,0.8308129959574787,0.8861386138613861
860,0.8308360803116572,0.8854998403066113
861,0.8312584370781461,0.8850207601405302
862,0.8317069509082721,0.8847013733631428
863,0.8320564818987531,0.8845416799744491
864,0.832080577269994,0.8839029064196742
865,0.832280385078219,0.8835835196422868
866,0.8324552160168599,0.8831044394762056
867,0.8327809581199156,0.8827850526988182
868,0.8333584678027447,0.8824656659214308
869,0.8336603773584905,0.8819865857553497
870,0.8338619543875547,0.8816671989779623
871,0.8339377455424599,0.8813478122005749
872,0.8344170573113564,0.8811881188118812
873,0.835023459966702,0.8810284254231875
874,0.8354794728071504,0.8807090386458001
875,0.8360133495145631,0.8800702650910253
876,0.8365983295368261,0.8797508783136379
877,0.837287104622871,0.8792717981475567
878,0.8378995433789954,0.879112104758863
879,0.8381837574280054,0.8784733312040881
880,0.8383899984753773,0.8781539444267007
881,0.838980463980464,0.8778345576493133
882,0.8392366412213741,0.8778345576493133
883,0.8397249809014515,0.8776748642606196
884,0.8397063322116856,0.8767167039284574
885,0.8400918133129304,0.8767167039284574
886,0.8400428593295576,0.8763973171510699
887,0.840508656350544,0.8760779303736825
888,0.8406930389451088,0.8755988502076014
889,0.8409335175802242,0.8746406898754392
890,0.8415552481942523,0.8744809964867455
891,0.8416845988318475,0.8744809964867455
892,0.842129558393599,0.8740019163206644
893,0.8425997227783767,0.8736825295432769
894,0.8428109107720758,0.8733631427658894
895,0.8428196822458738,0.8725646758224209
896,0.8434218653489809,0.8722452890450335
897,0.8433828076685219,0.8711274353241776
898,0.843440594059406,0.8706483551580965
899,0.843996901626646,0.8700095816033216
900,0.8446029776674938,0.8696901948259342
901,0.8449239366656318,0.8692111146598531
902,0.8451382416899659,0.8688917278824657
903,0.8451492537313433,0.8680932609389971
904,0.8453399719931539,0.867614180772916
905,0.8454106280193237,0.8663366336633663
906,0.845661672908864,0.8653784733312041
907,0.84609375,0.8647396997764293
908,0.8465509150633506,0.8642606196103482
909,0.8472265747414603,0.8634621526668796
910,0.8476997958863244,0.8621846055573299
911,0.8477851083883129,0.8618652187799425
912,0.8484515013362679,0.8618652187799425
913,0.8485849056603774,0.8618652187799425
914,0.8489616110761485,0.8617055253912488
915,0.8493150684931506,0.8613861386138614
916,0.8496927682369624,0.8612264452251677
917,0.849936948297604,0.861066751836474
918,0.8500394632991318,0.859948898115618
919,0.8508453152156739,0.859948898115618
920,0.8511546978804176,0.8593101245608432
921,0.8512357414448669,0.8580325774512935
922,0.8515055467511886,0.8580325774512935
923,0.8518165952720926,0.8573938038965186
924,0.8523106241067174,0.8570744171191312
925,0.8524876808138611,0.8564356435643564
926,0.8527773356676747,0.8556371766208879
927,0.8532972284166932,0.8554774832321942
928,0.8537946428571429,0.8551580964548068
929,0.8537713283367884,0.8549984030661131
930,0.8539038799297461,0.8540402427339508
931,0.8544232922732363,0.8529223890130948
932,0.8550376421592183,0.8524433088470137
933,0.8554931836407378,0.8518045352922389
934,0.8558587479935794,0.8514851485148515
935,0.8559036144578314,0.8508463749600766
936,0.8564539463108825,0.8508463749600766
937,0.8564762670957361,0.8500479080166081
938,0.8564755154639175,0.8490897476844459
939,0.8568203805224122,0.8486106675183648
940,0.8570506615037109,0.8482912807409774
941,0.8572351421188631,0.8476525071862024
942,0.8573044602456367,0.8471734270201213
943,0.8577439715164266,0.8463749600766528
944,0.8579527048914805,0.8458958799105717
945,0.8580226904376013,0.8454167997444906
946,0.8585793058709049,0.8454167997444906
947,0.8585334198572355,0.8450974129671032
948,0.8587910302242444,0.8439795592462472
949,0.8589076723016905,0.8438198658575535
950,0.859560618388934,0.8435004790801661
951,0.85965483555845,0.8431810923027787
952,0.8595404920971158,0.8423826253593101
953,0.8603853690398432,0.8414244650271478
954,0.8605981369504822,0.8409453848610667
955,0.8610929319371727,0.8404663046949856
956,0.8616341902734567,0.8403066113062919
957,0.8618712108798952,0.8399872245289045
958,0.8622499180059036,0.8396678377515171
959,0.8627257799671593,0.8390290641967423
960,0.8631059983566146,0.8387096774193549
961,0.8633673133837554,0.8385499840306612
962,0.8639131150238605,0.8383902906419675
963,0.8639881442450189,0.8379112104758863
964,0.8643481127410582,0.8374321303098051
965,0.8642810026385225,0.836953050143724
966,0.8650701899256813,0.8364739699776429
967,0.8650256071369569,0.8361545832002555
968,0.8650124069478908,0.8350367294793996
969,0.8653750620963736,0.8345576493133184
970,0.8656394963552021,0.8343979559246247
971,0.8658819628647215,0.8340785691472373
972,0.8666777353478333,0.8335994889811562
973,0.8670212765957447,0.8329607154263814
974,0.8671212373191418,0.832641328648994
975,0.8677988677988678,0.8323219418716065
976,0.8677107630789737,0.8316831683168316
977,0.8679339669834918,0.8312040881507505
978,0.8681355366382908,0.8305653145959757
979,0.8681704260651629,0.8297668476525072
980,0.8683946488294314,0.8292877674864261
981,0.8684518828451883,0.8286489939316513
982,0.8687426753725096,0.8286489939316513
983,0.8687122736418511,0.8273714468221016
984,0.8690616081920429,0.8267326732673267
985,0.8695579088922508,0.8260938997125519
986,0.8697189025416596,0.8251357393803896
987,0.8702174279453901,0.8244969658256148
988,0.8704453441295547,0.8240178856595337
989,0.8703578663065497,0.8233791121047589
990,0.8706081081081081,0.8230597253273715
991,0.8709841055123436,0.8225806451612904
992,0.8713826366559485,0.822261258383903
993,0.8716124661246613,0.8217821782178217
994,0.8720122054585523,0.8214627914404343
995,0.872264631043257,0.8211434046630469
996,0.8723042961453558,0.8203449377195784
997,0.8731508246896786,0.820025550942191
998,0.8733832539142273,0.8195464707761099
999,0.8739352640545145,0.8192270839987225
1000,0.8740412476563831,0.818907697221335
1001,0.8742749914704879,0.8184286170552539
1002,0.8743169398907104,0.8176301501117854
1003,0.8748504017780817,0.8171510699457043
1004,0.875556316330024,0.8168316831683168
1005,0.8756858710562414,0.8155541360587671
1006,0.8757294884998283,0.8147556691152986
1007,0.8758585164835165,0.8145959757266049
1008,0.8759023719491235,0.8137975087831364
1009,0.8763986916853159,0.8129990418396679
1010,0.8764645072363887,0.812360268284893
1011,0.8767028798068632,0.8118811881188119
1012,0.8771354616048318,0.8117214947301181
1013,0.877114256127028,0.8115618013414244
1014,0.8773536016583176,0.8110827211753433
1015,0.8775510204081632,0.8102842542318748
1016,0.877770083102493,0.8096454806771
1017,0.8780107433720326,0.8091664005110188
1018,0.8779472954230236,0.8086873203449377
1019,0.8782095766828591,0.8083679335675503
1020,0.8789720437575969,0.8083679335675503
1021,0.8788879235447437,0.8077291600127755
1022,0.8789144050104384,0.8067709996806133
1023,0.878962034134448,0.8059725327371446
1024,0.8794066317626527,0.804694985627595
1025,0.8793223891023402,0.8040562120728202
1026,0.8792380286613072,0.8034174385180454
1027,0.8793706293706294,0.8032577451293517
1028,0.8797689884494224,0.8027786649632705
1029,0.879880931535633,0.8024592781858831
1030,0.8799929922915207,0.8021398914084957
1031,0.8798456411155937,0.8010220376876397
1032,0.8805130908451941,0.8002235707441712
1033,0.8807807279760859,0.7999041839667838
1034,0.880914687774846,0.79974449057809
1035,0.8808098591549296,0.7989460236346215
1036,0.881657848324515,0.7983072500798467
1037,0.8817090395480226,0.7975087831363782
1038,0.8822905620360552,0.7971893963589908
1039,0.8824049513704686,0.7968700095816034
1040,0.8830823737821081,0.7960715426381347
1041,0.8833126440858308,0.7954327690833599
1042,0.8838572189664358,0.7947939955285851
1043,0.8841430859583556,0.7933567550303418
1044,0.8847113328581611,0.7928776748642606
1045,0.8849447021048876,0.7922389013094858
1046,0.8850820842255531,0.7920792079207921
1047,0.8851580639399893,0.7914404343660173
1048,0.885254691689008,0.7909613541999361
1049,0.8853719599427754,0.7906419674225487
1050,0.8855863921217547,0.7898435004790801
1051,0.8858627486113599,0.7895241137016927
1052,0.8858988159311088,0.7885659533695305
1053,0.886016873092802,0.7882465665921431
1054,0.8862738052461373,0.787767486426062
1055,0.8866702644360497,0.7871287128712872
1056,0.8869486948694869,0.7868093260938998
1057,0.8868468468468469,0.7860108591504311
1058,0.8872044757264032,0.7850526988182689
1059,0.8870617997831587,0.783934845097413
1060,0.8873213962741906,0.7834557649313318
1061,0.8873010130246021,0.7832960715426381
1062,0.8874004344677769,0.782816991376557
1063,0.8881030105186797,0.7820185244330885
1064,0.8880624092888244,0.7816991376557011
1065,0.8881829733163914,0.7813797508783137
1066,0.888283378746594,0.7809006707122325
1067,0.888646288209607,0.7799425103800702
1068,0.8887472687545521,0.7794634302139891
1069,0.8888281392381994,0.7788246566592143
1070,0.8890915724188252,0.7783455764931332
1071,0.8891526661796932,0.7775471095496647
1072,0.8892341436666057,0.7769083359948898
1073,0.889132821075741,0.7761098690514213
1074,0.8892144295916499,0.7754710954966464
1075,0.8894592117323556,0.7748323219418716
1076,0.8897652237710931,0.7746726285531779
1077,0.8901341172147713,0.7737144682210156
1078,0.8905646496229538,0.7732353880549345
1079,0.8910162002945509,0.7729160012775471
1080,0.8909157914133039,0.7721175343340786
1081,0.8909795240730493,0.7713190673906101
1082,0.8910836256230386,0.770839987224529
1083,0.8911878810271568,0.7703609070584477
1084,0.891581868640148,0.7695624401149792
1085,0.8917917361497129,0.768604279782817
1086,0.8919169447534298,0.7682848930054296
1087,0.8921477631334694,0.767486426061961
1088,0.89223337049424,0.7668476525071862
1089,0.8926511627906977,0.7662088789524114
1090,0.8929435859244088,0.765889492175024
1091,0.89305012111049,0.7654104120089428
1092,0.8937441643323997,0.7642925582880868
1093,0.893792071802543,0.7633343979559246
1094,0.893732460243218,0.7628553177898435
1095,0.893760539629005,0.7617374640689876
1096,0.8940757405324334,0.7615777706802939
1097,0.8939365496527126,0.7604599169594379
1098,0.8944006012777151,0.7601405301820504
1099,0.8947170520774582,0.7599808367933567
1100,0.8950141110065851,0.7596614500159693
1101,0.8950838199284235,0.7588629830725008
1102,0.8951734539969834,0.758224209517726
1103,0.8954519720702019,0.7577451293516448
1104,0.8960302457466919,0.7569466624081763
1105,0.8962514199166982,0.7559885020760141
1106,0.8963818905095662,0.7556691152986267
1107,0.8965321205230244,0.755509421909933
1108,0.8966236722306525,0.754870648355158
1109,0.8966957842764907,0.7540721814116895
1110,0.8966368991069732,0.7535931012456084
1111,0.8968601332064701,0.7526349409134462
1112,0.8969720053323177,0.7521558607473651
1113,0.8970644300419367,0.7515170871925902
1114,0.897196261682243,0.7511977004152028
1115,0.8972301814708692,0.7500798466943469
1116,0.8980489671002295,0.7497604599169594
1117,0.8981623277182236,0.7492813797508783
1118,0.8982953457192109,0.7489619929734909
1119,0.8981978527607362,0.7481635260300223
1120,0.8983505945531262,0.7480038326413286
1121,0.8982920744578776,0.7475247524752475
1122,0.8982725527831094,0.7473650590865538
1123,0.8989801808735809,0.7460875119770042
1124,0.8992875024070864,0.7457681251996168
1125,0.899749373433584,0.7452890450335357
1126,0.8998649430831565,0.7448099648674544
1127,0.9003476245654692,0.744490578090067
1128,0.9004638577502899,0.7440114979239859
1129,0.9007736943907156,0.7436921111465985
1130,0.9012010848508331,0.74289364420313
1131,0.9012800620636152,0.7420951772596615
1132,0.9011458535637988,0.7409773235388055
1133,0.9014577259475218,0.7406579367614181
1134,0.9014194050165273,0.7403385499840307
1135,0.9018691588785047,0.7396997764292559
1136,0.9022439024390244,0.7384222293197061
1137,0.9026773500097713,0.7376237623762376
1138,0.9030113414157216,0.7374640689875439
1139,0.90293542074364,0.7368252954327691
1140,0.903112155020552,0.7368252954327691
1141,0.9037632301058408,0.736346215266688
1142,0.9038838760298156,0.7358671351006069
1143,0.9042010208087946,0.7355477483232195
1144,0.9041445688469849,0.7350686681571383
1145,0.9044435705859222,0.7345895879910572
1146,0.9043871729293724,0.734110507824976
1147,0.9043958210132071,0.7326732673267327
1148,0.9050157977883097,0.7318748003832641
1149,0.9052610759493671,0.7309166400511019
1150,0.9059592159968323,0.7307569466624082
1151,0.9062623860483552,0.7302778664963271
1152,0.9062252180808882,0.7299584797189397
1153,0.9065661575084308,0.729798786330246
1154,0.906547619047619,0.7296390929415523
1155,0.9068150208623088,0.7288406259980836
1156,0.9069212410501193,0.7282018524433088
1157,0.9069721115537849,0.7270839987224529
1158,0.9070972886762361,0.7266049185563718
1159,0.9076032727998403,0.7262855317789844
1160,0.907892107892108,0.7256467582242095
1161,0.9081816363272655,0.7250079846694347
1162,0.9083083083083083,0.7245289045033536
1163,0.908289947937525,0.7243692111146599
1164,0.9084168336673347,0.7238901309485787
1165,0.9083433614119535,0.7232513573938039
1166,0.9088536438466172,0.7229319706164165
1167,0.9091822382961623,0.722612583839029
1168,0.9090909090909091,0.7218141168955605
1169,0.9093473005640612,0.7208559565633983
1170,0.9098062953995157,0.7200574896199298
1171,0.9098989898989899,0.7192590226764612
1172,0.9102304892842701,0.7189396358990737
1173,0.9102330293819656,0.7173427020121367
1174,0.9105113636363636,0.7165442350686682
1175,0.9104932007306678,0.7163845416799745
1176,0.9104750304506699,0.7162248482912807
1177,0.9106054449410809,0.7157457681251996
1178,0.9107179174293268,0.7151069945704248
1179,0.910757946210269,0.7138294474608751
1180,0.91141049193713,0.7130309805174065
1181,0.9115423901940756,0.7125519003513254
1182,0.9114519427402863,0.7117534334078569
1183,0.9119393815277493,0.7111146598530821
1184,0.9120721459315434,0.710635579687001
1185,0.9123383288852391,0.7096774193548387
1186,0.9122482531853678,0.7088789524113702
1187,0.9125514403292181,0.7082401788565953
1188,0.9126133553173948,0.7071223251357394
1189,0.9129717467519076,0.7069626317470457
1190,0.9135012386457473,0.7066432449696582
1191,0.9136363636363637,0.7061641648035771
1192,0.9135291683905669,0.7052060044714149
1193,0.9134575569358178,0.7045672309166401
1194,0.9134217067108533,0.7042478441392527
1195,0.9133858267716536,0.7039284573618653
1196,0.9135213604313562,0.703449377195784
1197,0.914018691588785,0.7028106036410092
1198,0.9143094841930116,0.7020121366975407
1199,0.9144462947543713,0.7015330565314596
1200,0.9147383781530123,0.7007345895879911
1201,0.9148758606300855,0.70025550942191
1202,0.9153605015673981,0.6994570424784414
1203,0.9153074027603513,0.6989779623123603
1204,0.915463486084955,0.6986585755349729
1205,0.9159857531950555,0.6981794953688917
1206,0.9160369437447523,0.696901948259342
1207,0.9160016799664007,0.6965825614819546
1208,0.9161059714045416,0.6957840945384861
1209,0.9162281624921069,0.6951453209837113
1210,0.916754478398314,0.6946662408176302
1211,0.9166314900802026,0.6935483870967742
1212,0.9171772660046482,0.6932290003193867
1213,0.9171247357293869,0.6927499201533056
1214,0.9172661870503597,0.6922708399872245
1215,0.9172311600338696,0.6919514532098371
1216,0.9175148430873622,0.6909932928776749
1217,0.9175870858113849,0.6898754391568189
1218,0.917907273500638,0.6892366656020441
1219,0.9180327868852459,0.6885978920472693
1220,0.9181585677749361,0.6879591184924944
1221,0.9180362860192103,0.6868412647716384
1222,0.9181973515591627,0.686521877994251
1223,0.9185201026518391,0.6858831044394762
1224,0.9188436830835118,0.6852443308847014
1225,0.9187915148917934,0.6847652507186203
1226,0.9190813479287401,0.683807090386458
1227,0.919372178026231,0.6828489300542957
1228,0.9194833153928956,0.6820504631108272
1229,0.9195774040534713,0.681092302778665
1230,0.919723780750971,0.6806132226125838
1231,0.9198704103671707,0.6801341424465027
1232,0.9198357821953328,0.6798147556691153
1233,0.9199134199134199,0.6786969019482594
1234,0.9199913269731136,0.6775790482274033
1235,0.9207038887681946,0.6767805812839348
1236,0.9211041078026516,0.6767805812839348
1237,0.9214534377719756,0.6763015011178537
1238,0.9213678937050751,0.6755030341743852
1239,0.9214659685863874,0.674544873842223
1240,0.9217999126256007,0.6739061002874481
1241,0.9219160104986877,0.6731076333439796
1242,0.9220836069161742,0.6727882465665922
1243,0.9219811527503835,0.6718300862344299
1244,0.9219469414602061,0.6715106994570424
1245,0.9220807726075505,0.6708719259022676
1246,0.9220294311443005,0.6703928457361865
1247,0.9224346297517029,0.6703928457361865
1248,0.9227212681638045,0.6692749920153306
1249,0.9226361031518625,0.6684765250718621
1250,0.9227373068432672,0.6675183647396997
1251,0.9226690234202386,0.6668795911849249
1252,0.9227705244523124,0.6659214308527627
1253,0.9226849800620293,0.6651229639092942
1254,0.9226335624030149,0.664643883743213
1255,0.9227524972253052,0.6638454167997445
1256,0.9228031145717464,0.6624081763015012
1257,0.9235739750445633,0.66192909613542
1258,0.9240901987050681,0.6609709358032577
1259,0.9242458100558659,0.6604918556371766
1260,0.9243847874720358,0.6598530820824018
1261,0.9247143177235043,0.6590546151389333
1262,0.9246805648957633,0.6587352283615459
1263,0.9246467817896389,0.6584158415841584
1264,0.9247698181001572,0.6576173746406899
1265,0.9247191011235955,0.6571382944746087
1266,0.9248762932973459,0.6566592143085276
1267,0.925,0.6558607473650591
1268,0.9251240414975191,0.6550622804215905
1269,0.9250902527075813,0.6547428936442031
1270,0.9254742547425474,0.6544235068668157
1271,0.9254405784003615,0.6541041200894283
1272,0.9253731343283582,0.6534653465346535
1273,0.9253224711473184,0.6529862663685724
1274,0.925379904740304,0.6515490258703289
1275,0.9252951861943688,0.6507505589268604
1276,0.9254545454545454,0.6502714787607793
1277,0.9255972696245733,0.6496327052060045
1278,0.925512528473804,0.648834238262536
1279,0.9260611592879964,0.6480357713190674
1280,0.9261714285714285,0.6470776109869052
1281,0.9262820512820513,0.6461194506547429
1282,0.926639156350298,0.645480677099968
1283,0.9267844847372045,0.6448419035451932
1284,0.9271431854746035,0.6442031299904184
1285,0.9270761444674488,0.6435643564356436
1286,0.9269753513015434,0.6426061961034814
1287,0.9271553711387737,0.6422868093260939
1288,0.927449168207024,0.6410092622165442
1289,0.9273652556095304,0.6402107952730757
1290,0.9281076066790352,0.6390929415522197
1291,0.9280241467378686,0.6382944746087512
1292,0.9283554314956967,0.637336314276589
1293,0.9287543655413272,0.6370169274992016
1294,0.9295544669932354,0.6363781539444266
1295,0.929722157366332,0.6358990737783455
1296,0.9298245614035088,0.6347812200574896
1297,0.9300421151146467,0.6347812200574896
1298,0.9300093632958801,0.6344618332801022
1299,0.930178069353327,0.6339827531140211
1300,0.9307674254869749,0.6333439795592463
1301,0.9309534992954439,0.6330245927818589
1302,0.9308885754583921,0.632385819227084
1303,0.9308398023994354,0.6319067390610029
1304,0.9314326107445806,0.631267965506228
1305,0.9320273778616947,0.6306291919514532
1306,0.9319470699432892,0.6298307250079846
1307,0.9318343195266272,0.6287128712871287
1308,0.9320227380388442,0.6283934845097413
1309,0.9319421389613469,0.6275950175662728
1310,0.9323040380047506,0.6267965506228043
1311,0.9326511185149928,0.6258383902906419
1312,0.9328091493924232,0.6251996167358671
1313,0.932983544001908,0.624720536569786
1314,0.9328393881453155,0.6232832960715426
1315,0.9327107279693486,0.622005748961993
1316,0.9326300647326781,0.6212072820185245
1317,0.9330774766130967,0.6212072820185245
1318,0.9334454589139837,0.6204088150750559
1319,0.933589990375361,0.6196103481315873
1320,0.9339281408246926,0.6184924944107314
1321,0.9340260995650073,0.6172149473011818
1322,0.9341244853475418,0.615937400191632
1323,0.9344341913550267,0.6145001596933887
1324,0.9343225492580881,0.6133823059725327
1325,0.9344062423799073,0.6119450654742894
1326,0.9346341463414635,0.6119450654742894
1327,0.9345543345543346,0.6111465985308209
1328,0.9344903446590076,0.6105078249760459
1329,0.934851824638746,0.6095496646438837
1330,0.9349533627884143,0.6082721175343341
1331,0.9350872879272191,0.6073139572021719
1332,0.9357301157350406,0.6068348770360907
1333,0.935881627620222,0.6060364100926222
1334,0.9360335885403803,0.6052379431491536
1335,0.9362175525339926,0.6047588629830725
1336,0.9361069836552749,0.6036410092622165
1337,0.936291522062469,0.6031619290961354
1338,0.9366774273652844,0.6023634621526669
1339,0.9365987071108901,0.6015649952091984
1340,0.9367057064540244,0.6002874480996486
1341,0.9368131868131868,0.599009900990099
1342,0.9369684842421211,0.5982114340466305
1343,0.937374749498998,0.5975726604918556
1344,0.937531359759157,0.5967741935483871
1345,0.9374843083103188,0.596295113382306
1346,0.9375943633618521,0.5950175662727563
1347,0.9379571248423707,0.5938997125519003
1348,0.9386053562405255,0.5932609389971255
1349,0.9387496836243989,0.5923027786649633
1350,0.9386565272496832,0.591344618332801
1351,0.9390088945362135,0.5900670712232513
1352,0.9396946564885497,0.5897476844458639
1353,0.9403517716033648,0.5891089108910891
1354,0.940260403369926,0.5881507505589268
1355,0.9401381427475057,0.5868732034493772
1356,0.9403176229508197,0.5862344298946024
1357,0.9402870322911328,0.585915043117215
1358,0.9404670259173723,0.5852762695624402
1359,0.940677966101695,0.5849568827850526
1360,0.9405864197530864,0.5839987224528904
1361,0.9407521895929933,0.5832002555094219
1362,0.9409641660221707,0.5828808687320345
1363,0.9414193548387096,0.5825614819546471
1364,0.9423176409725815,0.5817630150111786
1365,0.942287784679089,0.5814436282337911
1366,0.9422130085514382,0.5806451612903226
1367,0.9423376623376624,0.5793676141807729
1368,0.9425675675675675,0.5792079207920792
1369,0.9427530575071559,0.5785691472373043
1370,0.9429390307451798,0.5779303736825295
1371,0.9433568258940225,0.577131906739061
1372,0.9432679738562092,0.5761737464068988
1373,0.9431788426289605,0.5752155860747366
1374,0.9433219627394385,0.5740977323538805
1375,0.9432325886990801,0.5731395720217183
1376,0.9436545550289626,0.5723411050782498
1377,0.9437697993664202,0.5709038645800064
1378,0.9444297433183382,0.5699457042478442
1379,0.9443266171792153,0.5688278505269881
1380,0.9445034519383961,0.5680293835835196
1381,0.9447102604997342,0.5675503034174385
1382,0.9451398135818908,0.56675183647397
1383,0.9450666666666667,0.5659533695305015
1384,0.9452457264957265,0.5651549025870329
1385,0.9451725060176518,0.5643564356435643
1386,0.9456201446557728,0.5637176620887895
1387,0.9456404736275565,0.5611625678696902
1388,0.9455672325518728,0.5603641009262217
1389,0.9455231930960086,0.5598850207601406
1390,0.9454496354307318,0.5590865538166719
1391,0.9454349000540249,0.5589268604279782
1392,0.9453758788534343,0.5582880868732034
1393,0.9455727051177905,0.5576493133184286
1394,0.9454989154013015,0.5568508463749601
1395,0.9454545454545454,0.556371766208879
1396,0.9455930359085963,0.5550942190993293
1397,0.945474372955289,0.5538166719897796
1398,0.9454148471615721,0.5531778984350048
1399,0.9453402569007926,0.5523794314915362
1400,0.9452654625068418,0.5515809645480677
1401,0.9451904631405864,0.5507824976045992
1402,0.945054945054945,0.5493452571063558
1403,0.9455445544554455,0.5490258703289684
1404,0.9454545454545454,0.5480677099968061
1405,0.9453340695748206,0.5467901628872565
1406,0.9455048409405256,0.5458320025550942
1407,0.9454595791805094,0.5453529223890131
1408,0.9459084604715673,0.5445544554455446
1409,0.9458333333333333,0.543755988502076
1410,0.9460361613351878,0.5431172149473011
1411,0.9459610027855153,0.5423187480038326
1412,0.9459308807134894,0.5419993612264452
1413,0.9458403126744835,0.541041200894283
1414,0.9459988808058198,0.539923347173427
1415,0.9461883408071748,0.5391248802299585
1416,0.9466292134831461,0.5381667198977962
1417,0.9465842001686815,0.5376876397317151
1418,0.9468354430379747,0.5375279463430214
1419,0.9470422535211268,0.5368891727882465
1420,0.9469675599435825,0.536090705844778
1421,0.9473237043330501,0.5341743851804536
1422,0.9480851063829787,0.5336953050143725
1423,0.9479670173443275,0.5324177579048227
1424,0.9478929384965832,0.5316192909613542
1425,0.9478780974081459,0.5314595975726605
1426,0.9477292202227935,0.5298626636857234
1427,0.9476394849785408,0.5289045033535612
1428,0.9477761836441894,0.5274672628553178
1429,0.9480034472852629,0.5269881826892366
1430,0.9479885057471265,0.5268284893005429
1431,0.9484447004608295,0.5258703289683807
1432,0.9485994802194629,0.5245927818588311
1433,0.9485697775209477,0.5242733950814437
1434,0.948510269019381,0.5236346215266688
1435,0.9484356894553881,0.5228361545832002
1436,0.9483758700696056,0.5221973810284254
1437,0.9483009003775777,0.5213989140849569
1438,0.9484566103669191,0.5201213669754072
1439,0.9483663943990666,0.519163206643245
1440,0.9485229599298041,0.5178856595336953
1441,0.9484777517564403,0.5174065793676141
1442,0.9487254614708468,0.5170871925902267
1443,0.9486351628999119,0.5161290322580645
1444,0.9488536155202821,0.5154902587032897
1445,0.9486877027425539,0.5137336314276589
1446,0.9486119314825753,0.5129351644841904
1447,0.9488468361916026,0.5124560843181092
1448,0.9487710986082322,0.5116576173746407
1449,0.9486951364175563,0.5108591504311721
1450,0.9485884101040118,0.5097412967103162
1451,0.9488551888195064,0.5095816033216225
1452,0.9490312965722801,0.5084637496007666
1453,0.949238578680203,0.5076652826572979
1454,0.9494011976047905,0.5063877355477483
1455,0.9496402877697842,0.5059086553816672
1456,0.9501201923076923,0.504950495049505
1457,0.9511901175052727,0.5041520281060364
1458,0.951131221719457,0.5035132545512616
1459,0.9510721836303232,0.5028744809964868
1460,0.9509685230024213,0.5017566272756308
1461,0.950834597875569,0.5003193867773874
1462,0.9510191664131427,0.4992015330565315
1463,0.9509893455098934,0.49888214627914407
1464,0.9509445460085314,0.4984030661130629
1465,0.9511450381679389,0.49744490578090067
1466,0.9510403916768666,0.49632705206004474
1467,0.9509503372164316,0.49536889172788245
1468,0.9508448540706606,0.4942510380070265
1469,0.9507540781779009,0.49329287767486424
1470,0.9510015408320494,0.4928137975087831
1471,0.9509864364981504,0.4926541041200894
1472,0.9511591962905719,0.4913765570105398
1473,0.9510532837670385,0.4902587032896838
1474,0.9513178294573643,0.4899393165122964
1475,0.9512573734864949,0.48930054295752157
1476,0.9512119328775637,0.48882146279144045
1477,0.951181592039801,0.48850207601405304
1478,0.951105574587356,0.48770360907058447
1479,0.9516078676241024,0.48674544873842224
1480,0.9515776319900031,0.48642606196103483
1481,0.9515473585495468,0.4861066751836474
1482,0.9523958659567805,0.48562759501756625
1483,0.9522912743251726,0.4845097412967103
1484,0.9525306507387614,0.4838709677419355
1485,0.952410967538607,0.4825934206323858
1486,0.9522906793048973,0.48131587352283617
1487,0.9522151898734177,0.4805174065793676
1488,0.9521849271690943,0.4801980198019802
1489,0.9526683608640406,0.47892047269243054
1490,0.9529262086513995,0.47844139252634943
1491,0.9530950861518825,0.47700415202810603
1492,0.95296,0.4755669115298627
1493,0.9528695094581596,0.4746087511977004
1494,0.9527938342967245,0.4738102842542319
1495,0.9527786700931578,0.4736505908655382
1496,0.9535783365570599,0.4723730437559885
1497,0.9534733441033926,0.47125519003513255
1498,0.9540006478781989,0.47029702970297027
1499,0.9539559014267186,0.46981794953688916
1500,0.9539260220635951,0.46949856275950175
1501,0.9544419134396356,0.4683807090386458
1502,0.9542931766242246,0.4667837751517087
1503,0.9542034674517501,0.4658256148195465
1504,0.954158480681074,0.46534653465346537
1505,0.9544262295081967,0.4648674544873842
1506,0.9543063773833005,0.46358990737783456
1507,0.9549045424621462,0.46327052060044716
1508,0.9551155115511551,0.46215266687959117
1509,0.955342375124049,0.46119450654742894
1510,0.9556291390728476,0.46087511977004153
1511,0.9555408095554081,0.45991695943787925
1512,0.9557845744680851,0.4591184924944107
1513,0.9557256990679095,0.4584797189396359
1514,0.9556666666666667,0.4578409453848611
1515,0.9562019391507857,0.4567230916640051
1516,0.9560991957104558,0.45560523794314917
1517,0.9563758389261745,0.45512615777706805
1518,0.9562878278412912,0.45416799744490577
1519,0.956199460916442,0.45320983711274354
1520,0.9568005399932501,0.4527307569466624
1521,0.9574036511156186,0.45225167678058126
1522,0.9573170731707317,0.45129351644841903
1523,0.9572446555819477,0.4504950495049505
1524,0.9572010869565217,0.4500159693388694
1525,0.9571719918422842,0.44969658256148193
1526,0.9574540503744043,0.4492175023954008
1527,0.9577224684623252,0.448578728840626
1528,0.9582334816843546,0.4469817949536889
1529,0.958161865569273,0.44618332801022037
1530,0.9584049501546923,0.44522516767805814
1531,0.9583333333333334,0.44442670073458956
1532,0.9586064160055191,0.44378792717981475
1533,0.9585205668855858,0.4428297668476525
1534,0.9584631360332295,0.4421909932928777
1535,0.9587092297015961,0.4412328329607154
1536,0.9586374695863747,0.4404343660172469
1537,0.9585942936673626,0.4399552858511658
1538,0.9588419951168469,0.4389971255190035
1539,0.9593837535014006,0.43755988502076015
1540,0.9593267882187938,0.43692111146598533
1541,0.9592410400562192,0.43596295113382305
1542,0.9595212953185498,0.43532417757904823
1543,0.9594785059901338,0.4348450974129671
1544,0.9593926553672316,0.43388693708080484
1545,0.9593639575971732,0.4335675503034174
1546,0.9596888260254597,0.4334078569147237
1547,0.9596174282678002,0.4326093899712552
1548,0.9595457771469127,0.4318109230277867
1549,0.959445037353255,0.4306930693069307
1550,0.9593582887700535,0.42973490897476846
1551,0.9592857142857143,0.4289364420312999
1552,0.9595561918396565,0.42813797508783136
1553,0.9595127194553923,0.42765889492175024
1554,0.9594546106925009,0.4270201213669754
1555,0.9593671341244157,0.42606196103481314
1556,0.9600144092219021,0.425582880868732
1557,0.9602744673167208,0.4246247205365698
1558,0.9605072463768116,0.4233471734270201
1559,0.9604642727602466,0.422868093260939
1560,0.9607985480943738,0.4227083998722453
1561,0.961034231609614,0.42143085276269565
1562,0.9609773887673231,0.4207920792079208
1563,0.9608918128654971,0.41983391887575855
1564,0.9608202123764189,0.41903545193229
1565,0.9610866372980911,0.41807729160012774
1566,0.9610150790731887,0.4172788246566592
1567,0.9612689044632977,0.41616097093580323
1568,0.9612116734392316,0.4155221973810284
1569,0.9614529280948851,0.4142446502714788
1570,0.9613382899628253,0.4129671031619291
1571,0.9615814994405073,0.41168955605237945
1572,0.9614520958083832,0.41025231555413605
1573,0.9614087673285875,0.40977323538805493
1574,0.9612927470875611,0.40849568827850524
1575,0.9612052730696798,0.407537527946343
1576,0.9614803625377644,0.4065793676141808
1577,0.9618147448015123,0.4062599808367934
1578,0.9616843702579666,0.40482274033855
1579,0.9623430962343096,0.40402427339508146
1580,0.9622137404580152,0.40258703289683806
1581,0.963302752293578,0.40242733950814435
1582,0.963615472998851,0.40178856595336954
1583,0.9635736196319018,0.4013094857872884
1584,0.963489623366641,0.40035132545512614
1585,0.9633346198379005,0.3985946981794954
1586,0.9632779281020487,0.3979559246247205
1587,0.9632210607820364,0.3973171510699457
1588,0.9631211180124224,0.39619929734908976
1589,0.9630350194552529,0.3952411370169275
1590,0.9629051151893792,0.39380389651868414
1591,0.9635151039623382,0.39220696263174704
1592,0.9633858267716535,0.3907697221335037
1593,0.9633714060653801,0.39061002874481
1594,0.9633280757097792,0.3901309485787288
1595,0.963226571767497,0.3890130948578729
1596,0.9631391200951248,0.38805493452571066
1597,0.9631245043616178,0.38789524113701696
1598,0.9634485498609455,0.3872564675822421
1599,0.9633612106730386,0.38629830725007985
1600,0.9632734530938124,0.3853401469179176
1601,0.9632147141143542,0.38470137336314275
1602,0.9631852741096438,0.38438198658575534
1603,0.9631114675220529,0.3835835196422868
1604,0.9637972646822205,0.38262535931012454
1605,0.9640694388373032,0.3813478122005749
1606,0.9644012944983819,0.3807090386458001
1607,0.9643291447101743,0.3799105717023315
1608,0.9642421779764323,0.3789524113701693
1609,0.9645765472312704,0.37831363781539445
1610,0.9648692810457516,0.37719578409453847
1611,0.9648261758691207,0.37671670392845735
1612,0.9647685374846374,0.37607793037368253
1613,0.964739647396474,0.3757585435962951
1614,0.9650637073571722,0.37496007665282655
1615,0.965389369592089,0.374161609709358
1616,0.9656456953642384,0.372564675822421
1617,0.9656029838375466,0.3720855956563398
1618,0.9663341645885287,0.3712871287128713
1619,0.9662359316381826,0.37016927499201535
1620,0.9661512745507731,0.36921111465985307
1621,0.9661371237458194,0.36905142127115936
1622,0.9660519698239731,0.36809326093899714
1623,0.9659949622166247,0.3674544873842223
1624,0.966301600673968,0.36633663366336633
1625,0.9666103127641589,0.3652187799425104
1626,0.9669211195928753,0.3641009262216544
1627,0.9676458067262665,0.3629830725007985
1628,0.9679760888129804,0.3620249121686362
1629,0.9677973379132675,0.35994889811561803
1630,0.967741935483871,0.35931012456084316
1631,0.9677002583979328,0.35883104439476204
1632,0.9676025917926566,0.3577131906739061
1633,0.9675465166594548,0.3570744171191313
1634,0.9674620390455532,0.356116256786969
1635,0.9674054758800521,0.3554774832321942
1636,0.9672632038411174,0.3538805493452571
1637,0.9672202797202797,0.353401469179176
1638,0.9670908293111014,0.35196422868093263
1639,0.9670619235836627,0.35164484190354517
1640,0.9673144876325088,0.3497285212392207
1641,0.9672421425409473,0.34893005429575213
1642,0.9675987572126055,0.3481315873522836
1643,0.9679715302491103,0.3474928137975088
1644,0.9678714859437751,0.3463749600766528
1645,0.967756381549485,0.34509741296710317
1646,0.9676985195154778,0.34445863941232835
1647,0.9676404494382023,0.3438198658575535
1648,0.9675675675675676,0.34302139891408495
1649,0.967479674796748,0.3420632385819227
1650,0.9691609977324263,0.34126477163845415
1651,0.9690627843494085,0.3401469179175982
1652,0.968907178783722,0.3383902906419674
1653,0.9688787185354691,0.33807090386458
1654,0.9691670501610676,0.3363142765889492
1655,0.9695290858725761,0.33535611625678696
1656,0.9694444444444444,0.33439795592462473
1657,0.9693735498839907,0.33359948898115616
1658,0.9693023255813954,0.33280102203768763
1659,0.9692307692307692,0.3320025550942191
1660,0.9691588785046729,0.3312040881507506
1661,0.9690576652601969,0.3300862344298946
1662,0.9694117647058823,0.32896838070903867
1663,0.9693251533742331,0.3280102203768764
1664,0.9697685403873406,0.3278505269881827
1665,0.9695817490494296,0.32577451293516446
1666,0.9699570815450643,0.32481635260300223
1667,0.9703065134099617,0.3235388054934526
1668,0.9701923076923077,0.3222612583839029
1669,0.970106075216972,0.3213030980517407
1670,0.9700193423597679,0.3203449377195784
1671,0.969946679592826,0.31954647077610987
1672,0.9698736637512148,0.31874800383264135
1673,0.9697265625,0.31715106994570424
1674,0.9700686947988224,0.31571382944746085
1675,0.97002457002457,0.31523474928137973
1676,0.9699359290290783,0.3142765889492175
1677,0.9698467622343054,0.3133184286170553
1678,0.9698169223156853,0.3129990418396678
1679,0.9697120158887785,0.3118811881188119
1680,0.9695912263210369,0.31060364100926224
1681,0.9694694694694694,0.30932609389971255
1682,0.9693775100401606,0.3083679335675503
1683,0.9692849949647533,0.30740977323538804
1684,0.9691763516927742,0.3062919195145321
1685,0.9690982776089159,0.3054934525710636
1686,0.9689883070665989,0.3043755988502076
1687,0.9688775510204082,0.30325774512935166
1688,0.968829841594277,0.3027786649632705
1689,0.9687179487179487,0.30166081124241456
1690,0.9690880989180835,0.3003832641328649
1691,0.9709994821336095,0.29942510380070264
1692,0.9714285714285714,0.2986266368572341
1693,0.971830985915493,0.29750878313637813
1694,0.9722076560041951,0.2960715426381348
1695,0.9721492380451918,0.29543276908335997
1696,0.9725738396624473,0.2944746087511977
1697,0.9724722075172049,0.29335675503034175
1698,0.9723991507430998,0.29255828808687323
1699,0.9722222222222222,0.2906419674225487
1700,0.9721030042918455,0.289364420312999
1701,0.9725215517241379,0.2882465665921431
1702,0.9735278227984873,0.287767486426062
1703,0.9734848484848485,0.2872884062599808
1704,0.9734417344173442,0.2868093260938997
1705,0.9733695652173913,0.2860108591504312
1706,0.9732532751091703,0.2847333120408815
1707,0.9731653888280394,0.28377515170871925
1708,0.9729580573951435,0.28153944426700733
1709,0.9728531855955679,0.2804215905461514
1710,0.9726867335562988,0.2786649632705206
1711,0.9725336322869955,0.27706802938358355
1712,0.9724409448818898,0.27610986905142126
1713,0.9723476297968398,0.27515170871925904
1714,0.9728353140916808,0.2745129351644842
1715,0.9727117680500285,0.2732353880549345
1716,0.9726027397260274,0.2721175343340786
1717,0.9724770642201835,0.2708399872245289
1718,0.9729574223245109,0.2700415202810604
1719,0.9728480647024841,0.2689236665602044
1720,0.9727851766068326,0.26828489300542957
1721,0.9726426076833528,0.26684765250718623
1722,0.9725627553998832,0.26604918556371765
1723,0.9724178403755869,0.2646119450654743
1724,0.9728933411903359,0.263653784733312
1725,0.9726840855106889,0.2615777706802938
1726,0.9731503579952268,0.2604599169594379
1727,0.973621103117506,0.25934206323858194
1728,0.973541791942273,0.25854359629511336
1729,0.9734299516908212,0.25742574257425743
1730,0.9739235900545785,0.2564675822420952
1731,0.9737964655697745,0.2551900351325455
1732,0.9736680955296999,0.2539124880229959
1733,0.9748157248157249,0.2534334078569147
1734,0.9753086419753086,0.2523155541360588
1735,0.9751861042183623,0.2510380070265091
1736,0.9750778816199377,0.24992015330565315
1737,0.9768025078369906,0.2488022995847972
1738,0.9766561514195583,0.2472053656978601
1739,0.9765079365079365,0.24560843181092304
1740,0.9769968051118211,0.24417119131267964
1741,0.9768934531450578,0.2430533375918237
1742,0.9768041237113402,0.24209517725966145
1743,0.9773462783171522,0.2411370169274992
1744,0.9772283669486012,0.23985946981794953
1745,0.977079240340537,0.23826253593101246
1746,0.9769129287598944,0.23650590865538168
1747,0.9768365320979484,0.23570744171191313
1748,0.9767287234042553,0.23458958799105717
1749,0.9766355140186916,0.2336314276588949
1750,0.9765258215962441,0.23251357393803895
1751,0.9764784946236559,0.23203449377195784
1752,0.9763673193787981,0.23091664005110188
1753,0.9769647696476965,0.23027786649632706
1754,0.9769178547182621,0.22979878633024592
1755,0.9775051124744376,0.2290003193867774
1756,0.9780971937029432,0.22820185244330884
1757,0.9779158040027606,0.22628553177898436
1758,0.9777777777777777,0.22484829128074096
1759,0.9777003484320558,0.22404982433727244
1760,0.9776380153738644,0.2234110507824976
1761,0.9774964838255977,0.22197381028425422
1762,0.9773691654879774,0.22069626317470456
1763,0.9773049645390071,0.22005748961992974
1764,0.9778729478943612,0.21877994251038008
1765,0.9784637473079684,0.21766208878952412
1766,0.9791216702663786,0.217183008623443
1767,0.9790613718411553,0.21654423506866816
1768,0.9788475565280816,0.21430852762695624
1769,0.9787077826725403,0.21287128712871287
1770,0.9786450662739322,0.21223251357393805
1771,0.9792284866468842,0.21079527307569468
1772,0.9791976225854383,0.21047588629830724
1773,0.9790732436472347,0.20919833918875758
1774,0.9789947486871718,0.20839987224528905
1775,0.9788679245283018,0.2071223251357394
1776,0.9787072243346008,0.20552539124880229
1777,0.9786259541984733,0.20472692430533376
1778,0.9785276073619632,0.2037687639731715
1779,0.9784283513097073,0.20281060364100925
1780,0.9783449342614076,0.20201213669754073
1781,0.9782270606531882,0.20089428297668477
1782,0.9781591263650546,0.20025550942190992
1783,0.978021978021978,0.19897796231236026
1784,0.9778305621536025,0.19722133503672948
1785,0.9776,0.19514532098371126
1786,0.9774193548387097,0.1935483870967742
1787,0.9772727272727273,0.19227083998722452
1788,0.9787928221859706,0.1916320664324497
1789,0.9786535303776683,0.19035451932290004
1790,0.9785478547854786,0.18939635899073778
1791,0.9783873649210307,0.18795911849249441
1792,0.9782971619365609,0.18716065154902586
1793,0.9788672865595942,0.18492494410731397
1794,0.9787414965986394,0.183807090386458
1795,0.9785407725321889,0.1820504631108272
1796,0.9783362218370883,0.18029383583519643
1797,0.978204010462075,0.17917598211434047
1798,0.9780701754385965,0.1780581283934845
1799,0.9779735682819384,0.17725966145001598
1800,0.9785714285714285,0.17502395400830406
1801,0.9783588818755635,0.17326732673267325
1802,0.9791666666666666,0.17262855317789844
1803,0.9799270072992701,0.17151069945704248
1804,0.9797047970479705,0.169594378792718
1805,0.9805375347544022,0.16895560523794315
1806,0.980410447761194,0.16783775151708719
1807,0.9803186504217432,0.16703928457361866
1808,0.980244590780809,0.16640051101884382
1809,0.9801136363636364,0.16528265729798786
1810,0.9800380228136882,0.16464388374321304
1811,0.9798850574712644,0.16336633663366337
1812,0.9797101449275363,0.16192909613542
1813,0.9795918367346939,0.16097093580325775
1814,0.9793713163064833,0.15921430852762697
1815,0.9792079207920792,0.1579367614180773
1816,0.9790628115653041,0.15681890769722134
1817,0.979,0.1563398275311402
1818,0.9788519637462235,0.15522197381028424
1819,0.9796954314720813,0.1541041200894283
1820,0.9795081967213115,0.1526668795911849
1821,0.9794238683127572,0.1520281060364101
1822,0.9792746113989638,0.15091025231555413
1823,0.9790575916230366,0.14931331842861706
1824,0.9789251844046365,0.1483551580964548
1825,0.9787460148777896,0.14707761098690514
1826,0.9796791443850268,0.14627914404343662
1827,0.9794816414686826,0.14484190354519322
1828,0.9793028322440087,0.14356435643564355
1829,0.9790055248618784,0.14148834238262537
1830,0.9799107142857143,0.1402107952730757
1831,0.9797297297297297,0.13893324816352604
1832,0.9807037457434733,0.13797508783136378
1833,0.981630309988519,0.1365378473331204
1834,0.9814814814814815,0.13541999361226445
1835,0.9813519813519813,0.1344618332801022
1836,0.9811764705882353,0.13318428617055253
1837,0.981042654028436,0.1322261258383903
1838,0.9809069212410502,0.13126796550622805
1839,0.9818401937046005,0.12951133823059727
1840,0.9817295980511571,0.12871287128712872
1841,0.981549815498155,0.12743532417757905
1842,0.9813200498132005,0.12583839029064198
1843,0.9811794228356336,0.12488022995847972
1844,0.9809160305343512,0.12312360268284893
1845,0.9819819819819819,0.12184605557329926
1846,0.9829842931937173,0.11992973490897477
1847,0.9827586206896551,0.11833280102203769
1848,0.9826435246995995,0.11753433407856914
1849,0.9824086603518268,0.11593740019163207
1850,0.9822888283378747,0.11513893324816353
1851,0.9821917808219178,0.1145001596933887
1852,0.9818941504178273,0.1125838390290642
1853,0.9817671809256662,0.11178537208559565
1854,0.9830028328611898,0.11082721175343341
1855,0.9842406876790831,0.10970935803257745
1856,0.9855282199710564,0.1087511977004152
1857,0.986822840409956,0.10763334397955925
1858,0.9896296296296296,0.106675183647397
1859,0.9895522388059701,0.10587671670392845
1860,0.9908536585365854,0.10380070265091025
1861,0.9907407407407407,0.10252315554136059
1862,0.9906687402799378,0.10172468859789205
1863,0.9921630094043887,0.10108591504311722
1864,0.9936204146730463,0.09948898115618013
1865,0.9951534733441034,0.09837112743532418
1866,0.9950980392156863,0.09725327371446822
1867,0.9950413223140496,0.09613541999361226
1868,0.9949832775919732,0.0950175662727563
1869,0.9948979591836735,0.09342063238581923
1870,0.9948006932409013,0.09166400511018843
1871,0.9947460595446584,0.09070584477802619
1872,0.9946524064171123,0.0891089108910891
1873,0.9945945945945946,0.08815075055892686
1874,0.9944954128440368,0.08655381667198978
1875,0.9944029850746269,0.0851165761737464
1876,0.9943502824858758,0.08431810923027787
1877,0.9942965779467681,0.08351964228680933
1878,0.9942307692307693,0.08256148195464708
1879,0.9941176470588236,0.08096454806771
1880,0.9940476190476191,0.08000638773554775
1881,0.993963782696177,0.07888853401469179
1882,0.9938650306748467,0.07761098690514212
1883,0.9937629937629938,0.07633343979559246
1884,0.9936170212765958,0.07457681251996168
1885,0.9935344827586207,0.07361865218779942
1886,0.9932885906040269,0.07090386458000639
1887,0.9931662870159453,0.06962631747045672
1888,0.9929078014184397,0.06707122325135739
1889,0.9927710843373494,0.06579367614180773
1890,0.9925742574257426,0.06403704886617693
1891,0.9924050632911392,0.06259980836793357
1892,0.9921875,0.06084318109230278
1893,0.992,0.0594059405940594
1894,0.9918256130790191,0.05812839348450974
1895,0.9915966386554622,0.05653145959757266
1896,0.9914772727272727,0.05573299265410412
1897,0.9912536443148688,0.05429575215586075
1898,0.9910179640718563,0.052858511657617374
1899,0.9907692307692307,0.051421271159374005
1900,0.9904761904761905,0.049824337272436924
1901,0.9900990099009901,0.047908016608112426
1902,0.9898648648648649,0.046790162887256466
1903,0.9895104895104895,0.045193229000319385
1904,0.9891696750902527,0.043755988502076015
1905,0.9888475836431226,0.04247844139252635
1906,0.9885931558935361,0.0415202810603641
1907,0.9882352941176471,0.04024273395081444
1908,0.9879032258064516,0.03912488022995848
1909,0.9872340425531915,0.037048866176940275
1910,0.9867256637168141,0.035611625678696905
1911,0.986046511627907,0.03385499840306611
1912,0.9855769230769231,0.03273714468221016
1913,0.9852216748768473,0.031938677738741615
1914,0.9847715736040609,0.030980517406579366
1915,0.9844559585492227,0.030341743851804534
1916,0.9840425531914894,0.029543276908335993
1917,0.9828571428571429,0.02746726285531779
1918,0.9880239520958084,0.026349409134461835
1919,0.9872611464968153,0.024752475247524754
1920,0.9867549668874173,0.023794314915362505
1921,0.993006993006993,0.022676461194506548
1922,0.9927007299270073,0.0217183008623443
1923,0.9924812030075187,0.021079527307569467
1924,1.0,0.01996167358671351
1925,1.0,0.01836473969977643
1926,1.0,0.017246885978920472
1927,1.0,0.016767805812839348
1928,1.0,0.016129032258064516
1929,1.0,0.015011178537208559
1930,1.0,0.01405301820504631
1931,1.0,0.013254551261577771
1932,1.0,0.012296390929415523
1933,1.0,0.011178537208559566
1934,1.0,0.010380070265091025
1935,1.0,0.009741296710316193
1936,1.0,0.009581603321622485
1937,1.0,0.008144362823379112
1938,1.0,0.007345895879910571
1939,1.0,0.00670712232513574
1940,1.0,0.005748961992973491
1941,1.0,0.005429575215586075
1942,1.0,0.004311721494730118
1943,1.0,0.003992334717342702
1944,1.0,0.0030341743851804537
1945,1.0,0.0027147876077930374
1946,1.0,0.002076014053018205
1947,1.0,0.0017566272756307888
1948,1.0,0.0011178537208559566
1949,1.0,0.0006387735547748323
1950,1.0,0.00031938677738741617
1951,1.0,0.00015969338869370808
1952,1.0,0.0
